category,severity_score,public_impact,safety_risk,repeat_reports,near_sensitive_area,priority
road_damage,1,5,4,3,0,LOW
road_damage,9,2,10,6,0,MEDIUM
road_damage,2,4,4,8,0,LOW
street_lights,4,9,7,3,1,HIGH
street_lights,5,1,3,6,1,MEDIUM
water_pollution,3,4,6,1,0,LOW
fallen_tree,2,6,6,9,1,MEDIUM
road_damage,8,9,2,6,0,MEDIUM
street_lights,5,10,6,9,0,MEDIUM
road_damage,1,4,5,1,0,LOW
road_damage,7,5,8,10,1,HIGH
garbage,6,6,4,10,1,MEDIUM
road_damage,10,3,9,3,0,MEDIUM
fallen_tree,7,5,9,3,1,HIGH
road_damage,4,1,6,6,1,MEDIUM
road_damage,4,10,6,3,1,MEDIUM
fallen_tree,8,3,5,2,0,MEDIUM
street_lights,9,5,10,6,1,HIGH
water_pollution,4,3,9,7,0,MEDIUM
road_damage,2,3,3,10,1,MEDIUM
street_lights,2,7,7,9,1,MEDIUM
street_lights,5,9,1,10,0,MEDIUM
street_lights,5,6,2,4,1,MEDIUM
garbage,8,1,5,8,0,MEDIUM
street_lights,2,5,9,9,0,MEDIUM
garbage,6,3,9,8,0,MEDIUM
street_lights,6,8,1,1,1,MEDIUM
water_pollution,4,1,4,9,0,LOW
road_damage,8,2,9,2,0,MEDIUM
fallen_tree,9,3,5,8,1,MEDIUM
garbage,9,4,5,6,1,MEDIUM
fallen_tree,9,8,2,3,0,MEDIUM
road_damage,6,1,10,8,0,MEDIUM
street_lights,4,1,2,10,0,LOW
garbage,2,1,6,1,0,LOW
water_pollution,8,4,9,2,1,HIGH
garbage,8,7,4,1,0,MEDIUM
fallen_tree,6,7,7,7,0,MEDIUM
road_damage,1,7,6,1,0,LOW
garbage,4,9,8,2,1,HIGH
garbage,5,8,4,1,1,MEDIUM
street_lights,2,1,9,0,0,LOW
garbage,3,7,8,7,0,MEDIUM
fallen_tree,1,3,7,0,1,MEDIUM
water_pollution,8,5,7,8,1,HIGH
garbage,4,5,4,0,0,LOW
water_pollution,1,1,10,7,0,MEDIUM
road_damage,9,2,3,1,0,MEDIUM
garbage,7,2,10,3,0,MEDIUM
street_lights,2,7,10,9,1,HIGH
water_pollution,4,6,4,4,1,MEDIUM
garbage,5,8,6,1,0,MEDIUM
fallen_tree,10,10,2,1,0,MEDIUM
street_lights,5,3,6,1,0,MEDIUM
water_pollution,5,3,8,8,1,MEDIUM
street_lights,9,1,9,4,0,MEDIUM
garbage,5,2,2,8,0,LOW
water_pollution,5,10,4,5,0,MEDIUM
water_pollution,9,8,5,0,0,MEDIUM
fallen_tree,5,1,1,5,0,LOW
water_pollution,3,8,9,6,0,MEDIUM
road_damage,2,3,9,0,1,MEDIUM
street_lights,9,3,7,2,0,MEDIUM
water_pollution,6,1,6,3,0,MEDIUM
road_damage,6,9,7,9,0,MEDIUM
garbage,3,3,7,0,0,LOW
water_pollution,7,4,5,2,0,MEDIUM
fallen_tree,1,8,4,3,1,MEDIUM
water_pollution,5,4,4,0,0,LOW
fallen_tree,6,5,2,4,1,MEDIUM
street_lights,7,9,6,0,0,MEDIUM
water_pollution,3,10,5,0,0,MEDIUM
street_lights,7,6,6,6,0,MEDIUM
fallen_tree,10,4,5,0,1,MEDIUM
road_damage,9,9,4,5,1,HIGH
road_damage,6,10,6,10,0,MEDIUM
water_pollution,9,5,7,5,1,HIGH
water_pollution,9,3,4,6,1,MEDIUM
garbage,10,10,5,6,0,HIGH
water_pollution,5,4,7,9,1,MEDIUM
fallen_tree,8,8,4,8,1,HIGH
garbage,2,5,9,10,1,MEDIUM
road_damage,4,5,4,3,0,MEDIUM
road_damage,1,4,8,9,0,MEDIUM
fallen_tree,7,10,4,6,1,HIGH
fallen_tree,4,3,1,1,1,LOW
garbage,3,9,8,0,0,MEDIUM
road_damage,8,3,8,10,1,HIGH
fallen_tree,10,9,7,8,1,HIGH
garbage,8,8,5,3,1,HIGH
street_lights,8,4,5,7,0,MEDIUM
water_pollution,4,5,6,5,0,MEDIUM
garbage,3,4,7,2,0,MEDIUM
road_damage,7,7,6,8,1,HIGH
fallen_tree,1,4,7,6,0,MEDIUM
street_lights,7,8,1,5,1,MEDIUM
fallen_tree,7,9,9,9,0,HIGH
fallen_tree,4,5,7,7,0,MEDIUM
fallen_tree,6,7,3,7,0,MEDIUM
street_lights,9,1,7,9,0,MEDIUM
road_damage,7,3,8,2,0,MEDIUM
water_pollution,7,6,4,7,1,MEDIUM
water_pollution,7,5,7,4,0,MEDIUM
fallen_tree,1,9,1,5,0,LOW
road_damage,1,1,4,3,0,LOW
street_lights,3,4,3,7,0,LOW
street_lights,4,8,5,5,0,MEDIUM
street_lights,10,2,3,4,0,MEDIUM
street_lights,1,5,10,10,1,MEDIUM
fallen_tree,4,2,10,10,0,MEDIUM
road_damage,5,10,2,9,0,MEDIUM
water_pollution,9,7,6,1,1,HIGH
road_damage,7,8,2,6,1,MEDIUM
fallen_tree,3,7,3,8,1,MEDIUM
street_lights,9,8,8,6,1,HIGH
water_pollution,4,2,5,7,0,LOW
fallen_tree,10,10,7,5,0,HIGH
fallen_tree,6,3,8,3,1,MEDIUM
water_pollution,6,5,10,4,0,MEDIUM
street_lights,4,2,4,6,1,MEDIUM
street_lights,4,8,8,7,0,MEDIUM
road_damage,5,4,7,3,1,MEDIUM
street_lights,6,8,9,8,1,HIGH
fallen_tree,9,6,6,7,1,HIGH
water_pollution,5,4,2,3,1,MEDIUM
road_damage,9,3,4,3,1,MEDIUM
water_pollution,10,9,10,4,0,HIGH
garbage,5,4,6,2,1,MEDIUM
road_damage,9,3,5,0,0,MEDIUM
street_lights,5,3,8,1,0,MEDIUM
street_lights,5,8,8,7,1,HIGH
garbage,1,5,8,1,0,MEDIUM
fallen_tree,8,2,10,10,0,MEDIUM
garbage,3,10,5,1,0,MEDIUM
road_damage,9,7,10,9,0,HIGH
street_lights,7,8,8,4,1,HIGH
water_pollution,10,10,1,9,0,MEDIUM
garbage,4,5,2,2,0,LOW
garbage,9,2,3,0,1,MEDIUM
fallen_tree,10,8,5,0,0,MEDIUM
water_pollution,5,8,2,10,0,MEDIUM
water_pollution,10,4,7,1,0,MEDIUM
garbage,5,3,2,0,0,LOW
water_pollution,10,10,5,7,0,HIGH
fallen_tree,5,7,5,8,1,MEDIUM
fallen_tree,2,10,1,6,1,MEDIUM
street_lights,5,1,2,3,0,LOW
water_pollution,10,1,3,7,1,MEDIUM
water_pollution,3,10,7,10,1,HIGH
road_damage,8,6,7,5,1,HIGH
road_damage,3,6,7,7,1,MEDIUM
fallen_tree,9,1,8,1,1,MEDIUM
water_pollution,6,2,7,8,0,MEDIUM
street_lights,8,7,1,3,1,MEDIUM
street_lights,8,8,1,3,1,MEDIUM
street_lights,3,5,8,7,0,MEDIUM
road_damage,10,4,3,4,0,MEDIUM
street_lights,7,2,4,1,1,MEDIUM
road_damage,3,8,5,8,1,MEDIUM
fallen_tree,8,8,4,7,0,MEDIUM
fallen_tree,4,10,9,2,0,MEDIUM
water_pollution,7,6,9,4,0,MEDIUM
water_pollution,5,10,10,10,1,HIGH
garbage,8,9,8,5,1,HIGH
street_lights,9,7,8,5,0,HIGH
garbage,10,7,4,6,0,MEDIUM
water_pollution,8,7,7,10,0,HIGH
fallen_tree,1,3,9,9,1,MEDIUM
road_damage,8,2,9,7,0,MEDIUM
garbage,7,3,2,7,1,MEDIUM
water_pollution,10,7,2,5,1,HIGH
water_pollution,8,9,1,9,0,MEDIUM
garbage,5,4,2,6,0,LOW
road_damage,8,3,5,0,0,MEDIUM
water_pollution,1,5,6,5,1,MEDIUM
garbage,4,9,7,9,0,MEDIUM
garbage,3,2,10,6,0,MEDIUM
fallen_tree,10,3,4,7,1,MEDIUM
fallen_tree,5,1,8,4,0,MEDIUM
road_damage,8,6,10,4,1,HIGH
water_pollution,8,5,4,6,1,MEDIUM
road_damage,4,7,10,5,1,HIGH
water_pollution,1,7,5,0,0,LOW
street_lights,8,5,4,9,1,MEDIUM
garbage,4,10,5,10,0,MEDIUM
road_damage,1,5,8,0,1,MEDIUM
garbage,2,5,6,6,0,MEDIUM
garbage,3,9,6,8,1,MEDIUM
garbage,5,8,5,5,0,MEDIUM
fallen_tree,2,3,4,10,1,MEDIUM
street_lights,6,2,7,0,1,MEDIUM
street_lights,2,8,6,10,1,MEDIUM
street_lights,7,6,2,10,0,MEDIUM
fallen_tree,1,10,9,5,0,MEDIUM
road_damage,8,5,7,1,0,MEDIUM
road_damage,1,5,8,1,0,MEDIUM
garbage,9,3,7,7,1,HIGH
street_lights,7,10,3,6,0,MEDIUM
fallen_tree,10,7,5,0,1,HIGH
garbage,8,8,4,5,0,MEDIUM
water_pollution,9,6,1,6,1,MEDIUM
garbage,2,8,2,10,0,LOW
street_lights,1,1,6,3,0,LOW
street_lights,4,2,9,3,0,MEDIUM
garbage,6,3,10,0,1,MEDIUM
garbage,3,9,5,2,0,MEDIUM
road_damage,3,1,6,3,1,MEDIUM
road_damage,3,5,1,2,1,LOW
street_lights,2,2,8,7,1,MEDIUM
street_lights,10,2,8,8,0,MEDIUM
street_lights,1,9,5,7,0,MEDIUM
road_damage,8,7,7,10,0,HIGH
fallen_tree,8,2,2,5,0,MEDIUM
road_damage,3,5,10,10,1,MEDIUM
fallen_tree,10,9,5,7,1,HIGH
road_damage,2,9,4,6,1,MEDIUM
garbage,7,6,8,6,1,HIGH
road_damage,6,7,6,10,1,HIGH
water_pollution,3,8,2,1,0,LOW
road_damage,7,2,6,2,0,MEDIUM
street_lights,9,9,6,10,0,HIGH
fallen_tree,6,7,1,4,1,MEDIUM
water_pollution,2,10,9,3,0,MEDIUM
fallen_tree,4,2,6,8,1,MEDIUM
road_damage,5,10,4,6,0,MEDIUM
street_lights,5,1,3,4,1,MEDIUM
water_pollution,6,1,3,2,1,MEDIUM
road_damage,3,1,2,8,0,LOW
fallen_tree,7,8,6,2,1,HIGH
water_pollution,6,10,10,1,0,HIGH
garbage,3,10,1,10,0,MEDIUM
water_pollution,8,7,8,9,1,HIGH
fallen_tree,5,4,9,1,1,MEDIUM
fallen_tree,2,5,10,7,1,MEDIUM
road_damage,4,7,10,0,0,MEDIUM
garbage,5,4,3,4,1,MEDIUM
water_pollution,2,1,8,6,0,MEDIUM
garbage,7,9,4,8,1,HIGH
road_damage,7,1,7,0,1,MEDIUM
road_damage,6,10,7,9,1,HIGH
fallen_tree,5,2,7,0,1,MEDIUM
garbage,10,8,6,1,1,HIGH
road_damage,4,7,10,6,0,MEDIUM
fallen_tree,5,6,4,5,0,MEDIUM
road_damage,9,2,9,8,0,MEDIUM
water_pollution,6,3,4,1,0,LOW
water_pollution,4,3,10,2,0,MEDIUM
garbage,8,8,10,9,1,HIGH
street_lights,10,6,6,2,1,HIGH
road_damage,8,8,5,4,0,MEDIUM
water_pollution,9,2,5,7,1,MEDIUM
road_damage,1,6,5,1,0,LOW
street_lights,10,9,7,7,0,HIGH
fallen_tree,10,4,6,9,1,HIGH
street_lights,3,1,8,1,1,MEDIUM
road_damage,9,3,1,3,1,MEDIUM
fallen_tree,9,9,10,2,1,HIGH
water_pollution,5,7,7,5,0,MEDIUM
water_pollution,2,6,2,8,1,MEDIUM
water_pollution,5,10,3,5,0,MEDIUM
street_lights,3,6,5,10,1,MEDIUM
garbage,10,2,5,8,1,MEDIUM
water_pollution,3,9,2,10,1,MEDIUM
street_lights,6,1,6,4,0,MEDIUM
garbage,6,8,4,3,0,MEDIUM
garbage,2,5,2,8,0,LOW
water_pollution,10,3,10,6,0,HIGH
garbage,3,10,3,7,0,MEDIUM
fallen_tree,6,4,8,9,1,MEDIUM
fallen_tree,4,9,4,4,1,MEDIUM
garbage,6,10,8,7,1,HIGH
fallen_tree,9,9,7,2,0,HIGH
street_lights,3,5,1,10,1,MEDIUM
water_pollution,9,2,9,1,1,HIGH
road_damage,3,5,8,8,0,MEDIUM
fallen_tree,2,4,8,5,0,MEDIUM
fallen_tree,1,7,9,5,0,MEDIUM
fallen_tree,2,6,4,0,1,MEDIUM
road_damage,6,3,3,0,1,MEDIUM
fallen_tree,3,8,8,9,0,MEDIUM
road_damage,1,5,4,2,1,MEDIUM
road_damage,5,4,5,1,0,MEDIUM
garbage,7,10,8,1,0,HIGH
fallen_tree,10,9,1,10,0,MEDIUM
garbage,5,7,1,9,1,MEDIUM
garbage,10,7,3,10,0,MEDIUM
street_lights,6,2,9,8,0,MEDIUM
fallen_tree,8,1,7,5,1,MEDIUM
road_damage,6,2,6,3,0,MEDIUM
street_lights,6,3,1,5,1,MEDIUM
garbage,8,8,3,2,0,MEDIUM
fallen_tree,1,5,4,0,0,LOW
road_damage,6,5,9,6,1,HIGH
water_pollution,1,4,5,5,0,LOW
water_pollution,5,2,6,6,1,MEDIUM
fallen_tree,7,6,3,7,1,MEDIUM
water_pollution,9,5,2,6,0,MEDIUM
fallen_tree,10,3,9,4,1,HIGH
road_damage,2,6,5,4,1,MEDIUM
street_lights,7,3,8,5,1,HIGH
road_damage,6,10,7,4,0,HIGH
road_damage,7,6,9,10,0,HIGH
road_damage,3,10,8,0,0,MEDIUM
road_damage,4,6,6,6,0,MEDIUM
street_lights,3,8,6,5,1,MEDIUM
road_damage,10,3,9,5,1,HIGH
water_pollution,5,4,2,0,0,LOW
fallen_tree,9,7,9,1,1,HIGH
water_pollution,8,4,10,4,1,HIGH
garbage,2,3,2,7,0,LOW
fallen_tree,2,6,6,1,1,MEDIUM
water_pollution,3,3,6,8,0,MEDIUM
road_damage,4,3,4,7,0,LOW
water_pollution,9,10,6,7,0,HIGH
street_lights,2,2,5,6,1,MEDIUM
street_lights,7,7,10,1,0,HIGH
water_pollution,2,8,8,10,1,MEDIUM
garbage,9,10,3,2,1,HIGH
street_lights,1,2,9,2,1,MEDIUM
garbage,3,6,4,5,1,MEDIUM
road_damage,5,4,9,4,0,MEDIUM
water_pollution,10,9,2,8,0,MEDIUM
street_lights,10,3,3,10,1,MEDIUM
street_lights,1,1,2,0,1,LOW
garbage,10,7,10,10,0,HIGH
fallen_tree,9,5,5,7,0,MEDIUM
fallen_tree,5,8,2,0,0,MEDIUM
fallen_tree,7,8,8,3,1,HIGH
street_lights,3,6,6,5,1,MEDIUM
garbage,6,9,9,1,1,HIGH
garbage,8,2,5,7,0,MEDIUM
garbage,2,1,5,6,1,MEDIUM
garbage,3,6,10,5,0,MEDIUM
garbage,8,9,8,7,1,HIGH
fallen_tree,1,2,7,8,1,MEDIUM
garbage,4,10,6,0,0,MEDIUM
water_pollution,8,10,8,4,0,HIGH
road_damage,7,3,5,5,1,MEDIUM
water_pollution,1,7,1,9,0,LOW
water_pollution,9,5,2,6,1,MEDIUM
street_lights,5,10,10,1,0,HIGH
road_damage,7,6,6,8,1,HIGH
garbage,4,10,9,6,0,HIGH
road_damage,1,3,6,7,1,MEDIUM
garbage,10,9,3,5,1,HIGH
garbage,7,10,5,9,1,HIGH
street_lights,9,9,8,9,1,HIGH
fallen_tree,1,6,6,10,0,MEDIUM
fallen_tree,10,5,1,9,1,MEDIUM
water_pollution,10,10,4,0,1,HIGH
garbage,9,10,7,2,0,HIGH
road_damage,10,2,4,0,1,MEDIUM
water_pollution,7,3,7,3,1,MEDIUM
street_lights,10,8,1,2,0,MEDIUM
street_lights,6,8,9,6,1,HIGH
garbage,8,9,6,8,1,HIGH
water_pollution,10,8,4,3,1,HIGH
street_lights,5,4,5,4,0,MEDIUM
fallen_tree,6,8,6,8,1,HIGH
water_pollution,2,10,9,6,1,HIGH
water_pollution,3,5,1,4,0,LOW
water_pollution,8,5,8,3,0,MEDIUM
street_lights,5,9,5,2,0,MEDIUM
street_lights,10,4,4,0,0,MEDIUM
garbage,1,2,7,5,1,MEDIUM
road_damage,3,1,9,2,1,MEDIUM
fallen_tree,8,4,5,5,1,MEDIUM
road_damage,2,10,4,8,0,MEDIUM
garbage,7,3,1,6,1,MEDIUM
garbage,5,1,1,4,0,LOW
water_pollution,5,8,9,8,1,HIGH
garbage,9,8,5,3,0,MEDIUM
water_pollution,3,8,5,2,0,MEDIUM
water_pollution,5,10,4,2,1,MEDIUM
fallen_tree,9,6,2,6,0,MEDIUM
garbage,3,8,6,3,0,MEDIUM
water_pollution,7,4,8,4,1,HIGH
water_pollution,10,10,1,4,1,HIGH
garbage,1,2,8,4,0,LOW
fallen_tree,9,5,2,10,1,MEDIUM
water_pollution,10,4,4,2,1,MEDIUM
garbage,8,10,6,6,1,HIGH
street_lights,4,4,10,1,1,MEDIUM
street_lights,6,2,10,1,0,MEDIUM
street_lights,9,4,10,8,0,HIGH
garbage,6,9,8,1,0,MEDIUM
street_lights,8,2,9,7,0,MEDIUM
fallen_tree,3,9,7,7,0,MEDIUM
street_lights,8,5,1,6,1,MEDIUM
road_damage,4,10,2,0,1,MEDIUM
water_pollution,2,9,1,1,1,MEDIUM
road_damage,5,7,3,2,1,MEDIUM
water_pollution,7,8,7,6,0,MEDIUM
street_lights,3,6,2,2,1,MEDIUM
street_lights,3,4,1,0,1,LOW
fallen_tree,9,7,9,6,0,HIGH
garbage,8,6,3,4,0,MEDIUM
road_damage,1,7,10,0,0,MEDIUM
garbage,2,2,10,0,1,MEDIUM
street_lights,1,4,1,6,1,LOW
garbage,9,4,1,2,1,MEDIUM
garbage,10,6,10,9,1,HIGH
garbage,5,3,9,3,1,MEDIUM
water_pollution,5,1,9,9,0,MEDIUM
fallen_tree,9,8,1,5,1,MEDIUM
street_lights,6,7,7,2,1,MEDIUM
fallen_tree,3,9,8,3,0,MEDIUM
water_pollution,3,8,1,8,1,MEDIUM
fallen_tree,9,9,3,6,0,MEDIUM
water_pollution,4,6,2,7,1,MEDIUM
road_damage,9,4,1,4,1,MEDIUM
street_lights,10,1,2,3,0,MEDIUM
fallen_tree,4,6,5,0,0,MEDIUM
garbage,2,8,4,9,0,MEDIUM
fallen_tree,4,9,6,4,1,MEDIUM
fallen_tree,9,6,5,4,1,HIGH
street_lights,8,8,2,7,1,MEDIUM
garbage,6,6,7,0,0,MEDIUM
garbage,1,5,9,9,1,MEDIUM
water_pollution,3,4,6,3,1,MEDIUM
street_lights,4,8,9,10,1,HIGH
water_pollution,8,8,8,2,1,HIGH
garbage,3,9,8,2,0,MEDIUM
street_lights,1,2,1,0,1,LOW
garbage,4,2,3,0,0,LOW
street_lights,8,6,1,9,1,MEDIUM
fallen_tree,1,1,9,8,1,MEDIUM
road_damage,1,9,5,8,1,MEDIUM
road_damage,9,7,3,1,0,MEDIUM
street_lights,3,4,4,9,1,MEDIUM
water_pollution,5,7,2,5,1,MEDIUM
fallen_tree,10,4,4,4,0,MEDIUM
road_damage,2,7,7,6,1,MEDIUM
road_damage,1,3,2,7,1,LOW
water_pollution,10,2,9,0,0,MEDIUM
garbage,10,8,5,0,0,MEDIUM
water_pollution,9,10,1,2,1,MEDIUM
road_damage,4,10,3,6,0,MEDIUM
water_pollution,3,10,4,9,1,MEDIUM
street_lights,6,7,3,1,1,MEDIUM
road_damage,2,7,4,1,1,MEDIUM
street_lights,10,10,7,5,0,HIGH
water_pollution,8,8,4,5,1,HIGH
fallen_tree,3,10,7,1,1,MEDIUM
garbage,2,2,5,2,1,LOW
garbage,7,6,6,1,0,MEDIUM
road_damage,5,8,6,4,0,MEDIUM
garbage,2,3,7,7,1,MEDIUM
road_damage,1,2,6,8,0,LOW
street_lights,10,6,7,0,1,HIGH
fallen_tree,7,2,9,3,0,MEDIUM
fallen_tree,3,3,5,4,1,MEDIUM
fallen_tree,3,2,3,6,1,MEDIUM
fallen_tree,5,8,2,5,1,MEDIUM
garbage,8,10,10,3,1,HIGH
road_damage,3,5,1,6,1,MEDIUM
street_lights,7,6,8,5,1,HIGH
street_lights,3,5,6,9,0,MEDIUM
fallen_tree,6,3,7,5,1,MEDIUM
fallen_tree,10,4,6,6,1,HIGH
fallen_tree,6,2,10,3,0,MEDIUM
street_lights,1,8,4,7,1,MEDIUM
road_damage,7,8,3,10,1,MEDIUM
garbage,5,3,7,6,0,MEDIUM
fallen_tree,10,8,10,6,1,HIGH
street_lights,1,6,9,9,0,MEDIUM
road_damage,4,6,3,10,0,MEDIUM
street_lights,7,6,7,1,0,MEDIUM
road_damage,5,4,9,8,0,MEDIUM
fallen_tree,6,7,8,10,0,MEDIUM
water_pollution,1,8,2,4,1,MEDIUM
road_damage,2,3,6,4,1,MEDIUM
fallen_tree,4,9,8,5,1,HIGH
road_damage,8,8,6,1,1,HIGH
road_damage,2,1,6,10,0,LOW
garbage,4,9,3,8,0,MEDIUM
water_pollution,9,7,8,3,1,HIGH
garbage,3,7,7,0,0,MEDIUM
fallen_tree,10,7,7,0,0,MEDIUM
garbage,5,2,10,1,0,MEDIUM
water_pollution,6,4,8,1,1,MEDIUM
fallen_tree,9,6,10,6,1,HIGH
street_lights,2,6,6,7,0,MEDIUM
water_pollution,10,10,2,10,0,MEDIUM
water_pollution,2,4,5,1,0,LOW
water_pollution,3,9,7,6,0,MEDIUM
street_lights,7,7,3,7,0,MEDIUM
street_lights,3,8,5,2,0,MEDIUM
water_pollution,8,10,1,5,0,MEDIUM
fallen_tree,3,4,7,8,1,MEDIUM
fallen_tree,8,7,8,7,0,HIGH
road_damage,10,1,4,4,0,MEDIUM
water_pollution,4,9,5,2,1,MEDIUM
street_lights,8,9,9,1,0,HIGH
water_pollution,9,6,9,0,1,HIGH
street_lights,4,7,2,10,0,MEDIUM
water_pollution,1,8,5,5,0,MEDIUM
fallen_tree,2,4,4,9,1,MEDIUM
street_lights,7,3,10,2,0,MEDIUM
garbage,1,10,6,8,1,MEDIUM
street_lights,9,3,6,4,1,MEDIUM
street_lights,5,9,2,2,1,MEDIUM
road_damage,5,3,3,3,0,LOW
water_pollution,4,7,8,2,1,MEDIUM
fallen_tree,7,8,2,10,0,MEDIUM
fallen_tree,9,5,6,7,1,HIGH
water_pollution,10,1,2,7,1,MEDIUM
road_damage,9,7,4,6,0,MEDIUM
fallen_tree,5,6,5,5,0,MEDIUM
street_lights,8,6,1,0,0,MEDIUM
fallen_tree,1,2,3,7,1,LOW
road_damage,7,4,3,10,1,MEDIUM
garbage,5,2,6,4,0,MEDIUM
water_pollution,3,1,7,10,1,MEDIUM
garbage,7,2,2,0,0,LOW
fallen_tree,2,3,10,3,1,MEDIUM
road_damage,1,6,2,6,0,LOW
fallen_tree,2,4,7,1,0,LOW
road_damage,6,6,5,2,1,MEDIUM
garbage,3,2,9,9,0,MEDIUM
street_lights,3,8,6,3,0,MEDIUM
fallen_tree,10,8,4,1,0,MEDIUM
garbage,2,10,7,5,1,MEDIUM
water_pollution,3,4,5,10,0,MEDIUM
garbage,9,10,10,9,1,HIGH
road_damage,5,4,9,9,0,MEDIUM
fallen_tree,5,1,4,7,1,MEDIUM
road_damage,4,8,10,1,0,MEDIUM
water_pollution,6,3,7,9,1,MEDIUM
water_pollution,9,3,8,1,0,MEDIUM
street_lights,2,1,5,3,0,LOW
road_damage,7,9,5,10,1,HIGH
fallen_tree,7,2,9,8,0,MEDIUM
water_pollution,2,5,2,8,0,LOW
garbage,9,6,7,9,0,HIGH
water_pollution,7,4,1,3,0,LOW
fallen_tree,2,8,10,9,0,MEDIUM
water_pollution,3,2,1,2,0,LOW
garbage,8,6,9,8,1,HIGH
garbage,6,3,5,1,0,MEDIUM
water_pollution,7,5,9,1,1,HIGH
street_lights,2,8,8,8,1,MEDIUM
road_damage,8,10,3,5,0,MEDIUM
water_pollution,2,10,2,3,0,MEDIUM
road_damage,1,4,1,7,1,LOW
fallen_tree,3,3,1,8,1,LOW
garbage,6,4,7,5,1,MEDIUM
road_damage,10,6,2,8,0,MEDIUM
garbage,4,9,1,6,0,MEDIUM
fallen_tree,5,5,6,1,1,MEDIUM
road_damage,6,4,5,9,1,MEDIUM
street_lights,4,8,6,9,1,MEDIUM
garbage,9,4,3,0,1,MEDIUM
road_damage,4,9,6,10,0,MEDIUM
water_pollution,1,7,5,1,0,LOW
street_lights,4,7,8,0,0,MEDIUM
water_pollution,2,1,4,8,1,LOW
water_pollution,8,2,10,1,0,MEDIUM
fallen_tree,2,10,10,0,1,HIGH
garbage,4,5,5,5,1,MEDIUM
water_pollution,6,8,5,3,0,MEDIUM
garbage,3,10,2,2,0,MEDIUM
garbage,8,8,6,6,0,MEDIUM
street_lights,6,4,8,4,1,MEDIUM
water_pollution,2,2,3,10,1,LOW
street_lights,1,4,6,2,0,LOW
garbage,6,7,9,0,1,HIGH
water_pollution,3,1,7,7,0,MEDIUM
road_damage,8,2,3,1,0,LOW
road_damage,4,3,4,6,1,MEDIUM
road_damage,10,10,5,1,0,HIGH
road_damage,4,8,3,1,1,MEDIUM
road_damage,1,8,1,2,1,LOW
fallen_tree,8,1,7,10,1,MEDIUM
garbage,6,4,3,4,1,MEDIUM
fallen_tree,3,1,10,9,0,MEDIUM
water_pollution,8,7,9,7,0,HIGH
road_damage,5,7,3,6,0,MEDIUM
street_lights,4,9,1,6,1,MEDIUM
fallen_tree,9,8,6,9,1,HIGH
fallen_tree,5,3,1,5,0,LOW
road_damage,5,1,8,8,1,MEDIUM
street_lights,4,3,2,3,0,LOW
water_pollution,9,1,4,9,1,MEDIUM
water_pollution,3,3,4,9,1,MEDIUM
water_pollution,10,1,6,9,0,MEDIUM
street_lights,4,8,9,4,0,MEDIUM
fallen_tree,1,2,1,3,0,LOW
road_damage,9,8,1,5,0,MEDIUM
garbage,6,3,6,0,0,MEDIUM
garbage,10,3,2,8,1,MEDIUM
road_damage,6,7,10,1,1,HIGH
water_pollution,6,3,3,6,1,MEDIUM
water_pollution,3,9,10,5,0,MEDIUM
street_lights,3,7,5,4,0,MEDIUM
garbage,1,10,7,9,0,MEDIUM
garbage,10,6,10,3,0,HIGH
fallen_tree,3,6,2,3,1,MEDIUM
water_pollution,3,2,6,7,0,LOW
water_pollution,4,4,2,5,1,MEDIUM
road_damage,1,1,7,7,1,MEDIUM
garbage,7,8,7,5,1,HIGH
road_damage,8,10,4,2,1,HIGH
road_damage,1,5,1,5,1,LOW
road_damage,2,6,3,6,0,LOW
road_damage,9,2,6,9,1,MEDIUM
road_damage,7,3,10,6,0,MEDIUM
road_damage,2,6,4,3,1,MEDIUM
street_lights,9,5,5,4,0,MEDIUM
road_damage,1,7,10,8,1,MEDIUM
garbage,1,6,1,6,0,LOW
water_pollution,10,8,4,1,0,MEDIUM
garbage,3,5,2,7,0,LOW
water_pollution,7,8,8,10,1,HIGH
road_damage,9,7,3,5,1,HIGH
water_pollution,3,8,1,4,1,MEDIUM
fallen_tree,5,4,5,9,0,MEDIUM
garbage,2,2,6,8,1,MEDIUM
street_lights,4,9,1,6,1,MEDIUM
street_lights,8,10,4,7,1,HIGH
road_damage,7,1,9,9,0,MEDIUM
road_damage,8,3,3,3,0,MEDIUM
garbage,1,7,2,10,1,MEDIUM
garbage,3,10,5,5,0,MEDIUM
road_damage,7,9,7,8,1,HIGH
water_pollution,9,8,1,9,1,MEDIUM
road_damage,7,3,3,9,0,MEDIUM
road_damage,10,2,5,8,1,MEDIUM
fallen_tree,5,7,8,9,1,HIGH
road_damage,3,5,7,2,1,MEDIUM
road_damage,7,6,4,0,1,MEDIUM
water_pollution,6,1,6,4,1,MEDIUM
water_pollution,8,2,4,2,1,MEDIUM
fallen_tree,6,5,7,9,0,MEDIUM
garbage,8,4,7,7,1,HIGH
road_damage,9,3,2,4,1,MEDIUM
garbage,9,10,1,2,0,MEDIUM
garbage,1,4,1,7,0,LOW
water_pollution,4,5,6,7,1,MEDIUM
road_damage,1,4,6,7,1,MEDIUM
garbage,8,10,9,5,1,HIGH
garbage,5,2,5,0,1,MEDIUM
road_damage,3,10,4,3,0,MEDIUM
garbage,5,7,9,0,0,MEDIUM
fallen_tree,3,3,10,0,0,MEDIUM
water_pollution,10,5,5,6,1,HIGH
water_pollution,8,5,4,7,1,MEDIUM
street_lights,10,7,10,1,0,HIGH
street_lights,6,9,10,9,1,HIGH
water_pollution,2,8,2,5,1,MEDIUM
water_pollution,5,5,5,3,0,MEDIUM
street_lights,4,1,10,6,1,MEDIUM
garbage,1,8,5,4,1,MEDIUM
fallen_tree,7,1,10,9,0,MEDIUM
water_pollution,4,9,8,10,1,HIGH
street_lights,5,3,9,2,1,MEDIUM
road_damage,8,3,5,8,0,MEDIUM
water_pollution,2,4,6,3,1,MEDIUM
fallen_tree,6,6,5,9,1,MEDIUM
fallen_tree,2,8,1,10,0,LOW
fallen_tree,4,9,2,10,1,MEDIUM
street_lights,5,7,1,2,0,LOW
garbage,6,7,10,7,0,HIGH
water_pollution,3,2,8,5,0,MEDIUM
water_pollution,1,1,8,4,0,LOW
garbage,10,3,8,1,0,MEDIUM
street_lights,7,7,7,6,1,HIGH
fallen_tree,1,1,9,3,1,MEDIUM
road_damage,6,9,4,0,0,MEDIUM
garbage,4,6,5,2,0,MEDIUM
fallen_tree,9,10,5,2,0,MEDIUM
road_damage,5,5,8,8,1,MEDIUM
fallen_tree,3,6,8,5,0,MEDIUM
garbage,7,1,4,3,0,MEDIUM
garbage,1,10,9,2,0,MEDIUM
water_pollution,1,7,5,8,0,MEDIUM
street_lights,1,2,1,0,0,LOW
fallen_tree,8,7,2,8,1,MEDIUM
fallen_tree,3,4,1,4,1,LOW
road_damage,9,5,10,9,0,HIGH
fallen_tree,2,9,10,1,1,HIGH
road_damage,2,8,4,9,0,MEDIUM
water_pollution,9,4,6,6,1,HIGH
garbage,1,9,8,3,1,MEDIUM
water_pollution,4,1,1,10,0,LOW
road_damage,10,8,3,1,0,MEDIUM
road_damage,5,4,8,4,1,MEDIUM
fallen_tree,1,2,3,0,1,LOW
water_pollution,6,7,2,1,0,MEDIUM
road_damage,3,3,6,5,1,MEDIUM
street_lights,5,2,6,5,0,MEDIUM
road_damage,7,7,8,4,1,HIGH
fallen_tree,7,3,2,2,0,LOW
garbage,2,7,10,7,1,HIGH
garbage,10,7,6,9,0,HIGH
garbage,8,8,2,6,1,MEDIUM
road_damage,2,5,6,0,0,LOW
water_pollution,9,9,10,1,1,HIGH
garbage,8,6,7,2,0,MEDIUM
road_damage,3,9,8,7,0,MEDIUM
road_damage,8,6,4,5,1,MEDIUM
road_damage,9,4,9,10,1,HIGH
fallen_tree,4,2,8,7,1,MEDIUM
road_damage,8,8,6,1,1,HIGH
road_damage,2,7,7,0,0,MEDIUM
road_damage,10,10,5,8,0,HIGH
fallen_tree,6,6,1,3,1,MEDIUM
water_pollution,9,10,10,7,1,HIGH
fallen_tree,2,2,4,0,1,LOW
water_pollution,5,9,9,5,0,HIGH
road_damage,3,8,3,6,0,MEDIUM
water_pollution,10,4,4,1,1,MEDIUM
garbage,8,4,6,1,1,MEDIUM
road_damage,10,2,8,7,0,MEDIUM
fallen_tree,1,9,1,8,1,MEDIUM
street_lights,8,9,3,9,0,MEDIUM
garbage,2,7,10,9,1,HIGH
street_lights,7,7,10,3,1,HIGH
fallen_tree,6,5,8,2,0,MEDIUM
fallen_tree,10,9,5,8,1,HIGH
street_lights,4,4,4,9,1,MEDIUM
water_pollution,3,3,9,8,1,MEDIUM
road_damage,6,9,8,9,1,HIGH
street_lights,5,7,1,8,0,MEDIUM
road_damage,7,3,1,10,0,LOW
garbage,5,3,5,10,1,MEDIUM
garbage,1,5,4,8,0,LOW
water_pollution,8,2,10,10,0,MEDIUM
street_lights,7,4,9,4,0,MEDIUM
fallen_tree,7,7,6,8,0,MEDIUM
road_damage,5,4,10,7,0,MEDIUM
water_pollution,10,9,10,3,0,HIGH
water_pollution,8,3,2,2,0,MEDIUM
street_lights,2,7,1,6,1,MEDIUM
street_lights,5,3,3,9,1,MEDIUM
road_damage,6,8,3,0,0,MEDIUM
water_pollution,10,1,10,10,1,HIGH
fallen_tree,10,9,6,1,1,HIGH
street_lights,4,3,9,1,0,MEDIUM
fallen_tree,9,9,7,1,1,HIGH
garbage,4,6,6,5,1,MEDIUM
garbage,10,9,8,8,0,HIGH
road_damage,6,8,4,10,0,MEDIUM
road_damage,6,7,2,6,1,MEDIUM
street_lights,5,1,9,5,1,MEDIUM
fallen_tree,1,5,4,5,0,LOW
road_damage,3,9,9,0,0,MEDIUM
garbage,4,7,2,3,1,MEDIUM
road_damage,3,1,8,5,0,MEDIUM
road_damage,2,1,3,4,0,LOW
street_lights,4,5,7,6,1,MEDIUM
fallen_tree,7,6,1,6,0,MEDIUM
street_lights,1,10,2,9,0,MEDIUM
road_damage,6,9,2,4,1,MEDIUM
street_lights,2,5,8,6,1,MEDIUM
road_damage,8,3,9,3,0,MEDIUM
fallen_tree,9,5,3,4,1,MEDIUM
road_damage,9,9,3,1,0,MEDIUM
road_damage,10,10,7,8,0,HIGH
water_pollution,4,6,4,6,0,MEDIUM
garbage,3,4,10,4,0,MEDIUM
road_damage,3,10,1,8,1,MEDIUM
street_lights,2,5,2,4,0,LOW
garbage,10,8,6,5,0,HIGH
garbage,2,5,10,1,0,MEDIUM
water_pollution,8,8,6,9,1,HIGH
street_lights,3,10,10,5,1,HIGH
fallen_tree,3,1,6,3,0,LOW
fallen_tree,5,6,3,10,1,MEDIUM
fallen_tree,8,8,6,4,1,HIGH
street_lights,2,3,10,1,1,MEDIUM
garbage,9,4,5,10,0,MEDIUM
road_damage,1,9,1,9,1,MEDIUM
street_lights,4,1,9,4,1,MEDIUM
garbage,6,7,4,9,1,MEDIUM
garbage,8,9,9,1,1,HIGH
water_pollution,9,1,4,9,0,MEDIUM
street_lights,3,8,3,2,0,MEDIUM
fallen_tree,6,1,4,7,0,MEDIUM
road_damage,5,6,4,0,0,MEDIUM
street_lights,6,7,8,7,0,MEDIUM
road_damage,6,2,9,10,1,MEDIUM
water_pollution,10,9,10,2,1,HIGH
fallen_tree,6,10,2,8,1,MEDIUM
fallen_tree,4,9,7,5,1,HIGH
fallen_tree,8,10,1,8,0,MEDIUM
fallen_tree,3,4,2,8,1,MEDIUM
garbage,3,3,3,5,0,LOW
garbage,7,6,2,7,1,MEDIUM
fallen_tree,4,10,3,10,1,MEDIUM
road_damage,4,1,3,9,0,LOW
garbage,9,1,10,2,0,MEDIUM
garbage,5,3,9,6,0,MEDIUM
water_pollution,2,4,8,9,1,MEDIUM
fallen_tree,3,4,7,9,0,MEDIUM
street_lights,3,10,9,4,0,MEDIUM
water_pollution,8,10,10,1,0,HIGH
fallen_tree,7,3,2,0,0,LOW
street_lights,9,7,3,9,0,MEDIUM
garbage,8,10,10,0,0,HIGH
road_damage,8,3,10,8,0,MEDIUM
fallen_tree,9,7,6,0,1,HIGH
garbage,8,7,6,9,0,MEDIUM
fallen_tree,3,5,8,3,0,MEDIUM
water_pollution,10,9,7,4,0,HIGH
road_damage,1,10,9,1,0,MEDIUM
fallen_tree,4,6,7,5,0,MEDIUM
garbage,7,10,5,4,1,HIGH
street_lights,6,10,5,10,1,HIGH
garbage,7,9,9,7,0,HIGH
water_pollution,9,9,8,4,1,HIGH
street_lights,6,7,3,10,0,MEDIUM
garbage,8,3,2,3,1,MEDIUM
water_pollution,9,10,1,2,1,MEDIUM
road_damage,2,3,8,9,1,MEDIUM
road_damage,2,5,4,5,0,LOW
street_lights,1,7,7,9,1,MEDIUM
street_lights,1,3,8,7,0,MEDIUM
garbage,9,5,4,0,0,MEDIUM
street_lights,3,1,6,3,0,LOW
garbage,2,5,7,5,1,MEDIUM
fallen_tree,10,4,9,0,0,MEDIUM
road_damage,9,5,9,9,1,HIGH
water_pollution,5,4,10,3,1,MEDIUM
fallen_tree,10,1,5,2,1,MEDIUM
street_lights,2,9,2,8,1,MEDIUM
water_pollution,2,9,5,8,1,MEDIUM
fallen_tree,7,10,8,3,1,HIGH
fallen_tree,8,10,1,7,0,MEDIUM
water_pollution,2,7,4,10,0,MEDIUM
water_pollution,7,6,9,8,0,HIGH
water_pollution,4,5,2,6,1,MEDIUM
road_damage,9,3,8,5,1,HIGH
garbage,10,5,3,10,0,MEDIUM
fallen_tree,4,4,4,4,0,MEDIUM
garbage,4,4,10,5,0,MEDIUM
road_damage,2,2,8,9,0,MEDIUM
street_lights,1,8,6,9,1,MEDIUM
fallen_tree,10,5,8,2,1,HIGH
fallen_tree,4,10,3,0,1,MEDIUM
fallen_tree,9,1,9,5,1,HIGH
garbage,8,2,9,7,1,HIGH
road_damage,1,4,7,9,0,MEDIUM
water_pollution,6,10,5,2,1,HIGH
garbage,5,8,10,5,1,HIGH
garbage,8,7,4,6,1,HIGH
water_pollution,7,5,8,2,0,MEDIUM
street_lights,4,2,5,3,1,MEDIUM
fallen_tree,4,3,3,7,0,LOW
garbage,7,8,3,10,1,MEDIUM
fallen_tree,5,5,9,9,0,MEDIUM
fallen_tree,2,3,1,3,1,LOW
fallen_tree,2,8,6,4,1,MEDIUM
water_pollution,9,9,5,5,0,HIGH
fallen_tree,2,6,10,3,0,MEDIUM
water_pollution,6,6,9,7,1,HIGH
road_damage,7,10,5,7,0,MEDIUM
garbage,6,7,10,9,1,HIGH
road_damage,2,3,6,3,1,MEDIUM
water_pollution,5,5,10,10,1,HIGH
water_pollution,8,6,10,8,1,HIGH
fallen_tree,3,3,1,2,0,LOW
water_pollution,2,4,3,6,0,LOW
road_damage,2,8,9,0,0,MEDIUM
fallen_tree,9,2,2,4,0,MEDIUM
road_damage,7,5,4,3,1,MEDIUM
fallen_tree,3,3,9,2,0,MEDIUM
road_damage,6,6,8,7,1,HIGH
street_lights,8,3,9,2,1,HIGH
street_lights,7,9,9,4,1,HIGH
fallen_tree,9,4,2,7,1,MEDIUM
water_pollution,7,5,3,4,0,MEDIUM
road_damage,9,3,6,4,1,MEDIUM
street_lights,1,8,8,4,0,MEDIUM
fallen_tree,5,10,4,0,1,MEDIUM
garbage,7,9,7,6,0,HIGH
garbage,7,7,4,4,0,MEDIUM
fallen_tree,4,9,10,10,1,HIGH
water_pollution,9,5,7,3,0,MEDIUM
garbage,3,5,2,10,1,MEDIUM
street_lights,8,5,10,7,0,HIGH
water_pollution,1,3,1,8,0,LOW
garbage,2,5,5,2,1,MEDIUM
road_damage,4,2,3,0,1,LOW
garbage,6,7,5,7,1,MEDIUM
fallen_tree,1,6,2,2,0,LOW
water_pollution,7,2,9,7,0,MEDIUM
garbage,5,7,1,1,0,LOW
fallen_tree,8,4,1,3,1,MEDIUM
road_damage,9,4,8,6,1,HIGH
water_pollution,3,1,9,8,0,MEDIUM
water_pollution,8,5,4,5,0,MEDIUM
garbage,2,4,7,5,0,MEDIUM
garbage,5,10,2,6,0,MEDIUM
road_damage,1,10,8,9,0,MEDIUM
water_pollution,2,4,3,7,0,LOW
street_lights,6,1,1,5,0,LOW
street_lights,2,3,8,3,1,MEDIUM
street_lights,6,8,4,0,1,MEDIUM
water_pollution,3,5,1,7,1,MEDIUM
street_lights,5,9,8,3,0,MEDIUM
street_lights,6,6,8,4,0,MEDIUM
road_damage,9,3,8,4,1,HIGH
street_lights,6,8,1,10,1,MEDIUM
garbage,1,10,6,9,0,MEDIUM
water_pollution,2,9,7,3,1,MEDIUM
street_lights,3,10,5,5,1,MEDIUM
water_pollution,2,2,9,10,0,MEDIUM
road_damage,3,3,1,3,0,LOW
fallen_tree,4,2,1,9,1,LOW
fallen_tree,9,10,10,4,0,HIGH
water_pollution,4,10,2,0,0,MEDIUM
fallen_tree,2,8,1,5,1,MEDIUM
water_pollution,1,10,5,8,0,MEDIUM
road_damage,5,2,4,8,0,LOW
road_damage,4,9,7,3,0,MEDIUM
street_lights,4,10,3,8,1,MEDIUM
road_damage,10,6,8,10,1,HIGH
road_damage,3,3,9,6,1,MEDIUM
garbage,9,10,8,5,1,HIGH
street_lights,6,6,7,10,1,HIGH
water_pollution,10,4,10,8,0,HIGH
fallen_tree,9,5,6,7,1,HIGH
fallen_tree,1,1,5,9,0,LOW
street_lights,3,5,1,4,0,LOW
garbage,6,1,5,8,0,MEDIUM
road_damage,1,8,6,2,0,MEDIUM
water_pollution,6,10,4,3,1,MEDIUM
water_pollution,2,10,7,9,0,MEDIUM
road_damage,6,8,3,7,0,MEDIUM
street_lights,5,1,10,6,0,MEDIUM
road_damage,6,6,7,6,0,MEDIUM
garbage,10,1,7,0,1,MEDIUM
street_lights,1,6,9,9,0,MEDIUM
water_pollution,9,4,3,0,1,MEDIUM
fallen_tree,10,10,9,1,0,HIGH
fallen_tree,5,7,3,2,1,MEDIUM
road_damage,8,10,1,8,1,MEDIUM
water_pollution,2,7,9,6,0,MEDIUM
garbage,8,9,4,7,1,HIGH
street_lights,4,9,10,8,0,HIGH
garbage,2,5,7,5,0,MEDIUM
road_damage,7,7,6,5,0,MEDIUM
water_pollution,6,10,1,4,0,MEDIUM
water_pollution,10,8,10,2,1,HIGH
road_damage,4,4,6,2,0,MEDIUM
road_damage,1,4,10,2,1,MEDIUM
road_damage,6,2,5,7,1,MEDIUM
road_damage,6,4,9,3,0,MEDIUM
street_lights,9,5,9,7,0,HIGH
road_damage,7,10,9,0,1,HIGH
garbage,1,5,4,9,1,MEDIUM
road_damage,8,1,2,6,1,MEDIUM
water_pollution,2,1,5,10,1,MEDIUM
garbage,7,9,2,5,1,MEDIUM
street_lights,9,2,3,3,1,MEDIUM
street_lights,1,1,4,8,1,LOW
water_pollution,8,7,3,0,1,MEDIUM
water_pollution,6,5,4,8,1,MEDIUM
road_damage,5,7,1,8,1,MEDIUM
garbage,3,6,7,10,0,MEDIUM
road_damage,7,9,10,10,0,HIGH
fallen_tree,4,10,3,6,1,MEDIUM
street_lights,6,8,9,2,0,MEDIUM
garbage,10,9,4,2,1,HIGH
street_lights,3,7,3,10,0,MEDIUM
water_pollution,2,9,9,1,0,MEDIUM
water_pollution,3,1,6,6,1,MEDIUM
water_pollution,8,5,3,3,0,MEDIUM
garbage,3,1,10,9,1,MEDIUM
street_lights,10,10,4,9,0,HIGH
garbage,1,6,2,7,0,LOW
street_lights,10,8,6,2,1,HIGH
fallen_tree,8,3,3,3,0,MEDIUM
road_damage,7,1,5,6,0,MEDIUM
garbage,4,2,3,7,1,MEDIUM
water_pollution,8,4,7,6,0,MEDIUM
street_lights,7,6,7,9,0,MEDIUM
street_lights,2,8,8,0,0,MEDIUM
street_lights,9,7,1,8,1,MEDIUM
street_lights,1,4,5,7,1,MEDIUM
water_pollution,5,8,3,6,1,MEDIUM
street_lights,1,9,3,7,1,MEDIUM
road_damage,9,2,3,9,0,MEDIUM
fallen_tree,7,6,8,0,0,MEDIUM
fallen_tree,10,4,8,1,1,HIGH
water_pollution,3,2,2,1,1,LOW
water_pollution,2,9,7,8,0,MEDIUM
fallen_tree,9,7,1,2,1,MEDIUM
street_lights,3,3,3,2,0,LOW
fallen_tree,5,5,8,4,0,MEDIUM
road_damage,3,4,1,9,1,LOW
road_damage,8,8,8,8,0,HIGH
street_lights,8,4,4,9,1,MEDIUM
fallen_tree,7,8,2,9,0,MEDIUM
garbage,9,5,10,10,0,HIGH
road_damage,3,3,1,10,1,LOW
road_damage,3,1,10,9,1,MEDIUM
water_pollution,2,1,2,6,0,LOW
garbage,5,10,10,9,0,HIGH
fallen_tree,10,6,1,1,1,MEDIUM
water_pollution,6,7,2,6,0,MEDIUM
water_pollution,8,3,2,4,1,MEDIUM
street_lights,7,9,4,3,0,MEDIUM
road_damage,10,9,2,7,1,HIGH
fallen_tree,10,6,5,8,1,HIGH
garbage,10,10,8,8,1,HIGH
fallen_tree,3,10,4,4,0,MEDIUM
road_damage,2,1,8,10,0,MEDIUM
garbage,10,7,7,0,1,HIGH
water_pollution,9,4,1,10,0,MEDIUM
water_pollution,5,2,5,4,1,MEDIUM
road_damage,2,6,6,6,0,MEDIUM
garbage,4,6,6,10,1,MEDIUM
fallen_tree,1,3,8,2,1,MEDIUM
street_lights,6,8,7,0,1,MEDIUM
street_lights,6,9,9,0,0,MEDIUM
street_lights,6,6,2,2,1,MEDIUM
road_damage,6,7,9,2,1,HIGH
garbage,10,2,5,5,0,MEDIUM
water_pollution,7,2,8,3,1,MEDIUM
fallen_tree,5,4,9,4,0,MEDIUM
road_damage,6,1,4,1,1,MEDIUM
street_lights,1,8,9,2,0,MEDIUM
water_pollution,8,9,5,5,0,MEDIUM
road_damage,9,3,4,0,1,MEDIUM
fallen_tree,9,2,1,4,0,MEDIUM
street_lights,2,6,8,0,0,MEDIUM
street_lights,5,1,10,4,0,MEDIUM
water_pollution,4,4,5,4,1,MEDIUM
fallen_tree,2,5,3,2,1,MEDIUM
road_damage,1,10,9,8,0,MEDIUM
garbage,9,6,9,5,1,HIGH
garbage,5,10,4,2,0,MEDIUM
water_pollution,10,6,9,7,0,HIGH
garbage,1,8,1,1,1,LOW
road_damage,2,7,7,2,1,MEDIUM
street_lights,6,5,6,3,0,MEDIUM
fallen_tree,10,3,2,7,0,MEDIUM
fallen_tree,5,8,8,3,0,MEDIUM
garbage,10,5,6,6,0,MEDIUM
water_pollution,6,8,8,0,0,MEDIUM
fallen_tree,2,6,8,7,0,MEDIUM
water_pollution,6,10,10,2,0,HIGH
fallen_tree,2,6,9,10,0,MEDIUM
water_pollution,9,8,7,9,1,HIGH
garbage,10,4,9,2,1,HIGH
fallen_tree,2,6,4,9,1,MEDIUM
fallen_tree,10,6,9,3,0,HIGH
road_damage,10,8,2,9,1,HIGH
water_pollution,9,2,8,2,1,MEDIUM
fallen_tree,2,10,2,10,1,MEDIUM
water_pollution,8,1,2,3,0,LOW
street_lights,1,3,3,7,1,LOW
fallen_tree,10,10,8,3,0,HIGH
water_pollution,5,10,5,6,1,HIGH
road_damage,10,1,10,8,1,HIGH
garbage,5,1,6,8,0,MEDIUM
road_damage,9,6,2,4,0,MEDIUM
garbage,7,10,7,10,1,HIGH
fallen_tree,7,7,7,8,0,MEDIUM
garbage,8,3,4,8,1,MEDIUM
water_pollution,7,3,5,10,0,MEDIUM
garbage,1,2,1,2,1,LOW
fallen_tree,3,2,3,10,1,MEDIUM
fallen_tree,10,7,10,2,1,HIGH
street_lights,7,9,8,6,1,HIGH
garbage,3,7,10,0,1,MEDIUM
garbage,9,5,7,8,1,HIGH
road_damage,1,10,8,5,0,MEDIUM
street_lights,8,2,3,8,1,MEDIUM
fallen_tree,9,2,9,9,0,MEDIUM
garbage,8,2,9,9,1,HIGH
street_lights,1,6,9,0,1,MEDIUM
fallen_tree,9,8,10,5,1,HIGH
water_pollution,5,5,3,0,1,MEDIUM
street_lights,5,1,8,9,0,MEDIUM
street_lights,1,5,10,0,1,MEDIUM
fallen_tree,2,3,9,1,1,MEDIUM
water_pollution,3,10,5,4,1,MEDIUM
road_damage,2,10,3,9,0,MEDIUM
fallen_tree,6,3,5,3,1,MEDIUM
garbage,9,1,6,1,0,MEDIUM
street_lights,3,8,7,6,0,MEDIUM
fallen_tree,3,4,10,5,0,MEDIUM
water_pollution,2,1,3,7,1,LOW
fallen_tree,5,8,9,3,1,HIGH
fallen_tree,8,5,3,8,1,MEDIUM
road_damage,5,8,7,10,1,HIGH
street_lights,1,2,9,10,1,MEDIUM
fallen_tree,10,5,6,4,1,HIGH
road_damage,5,10,7,7,0,MEDIUM
street_lights,4,9,6,10,0,MEDIUM
water_pollution,9,1,1,1,0,LOW
fallen_tree,2,9,2,10,1,MEDIUM
water_pollution,4,5,5,3,0,MEDIUM
road_damage,10,2,1,9,0,MEDIUM
street_lights,2,2,2,9,0,LOW
fallen_tree,10,3,2,2,1,MEDIUM
water_pollution,8,2,8,4,1,MEDIUM
water_pollution,5,3,2,4,0,LOW
fallen_tree,7,6,1,4,1,MEDIUM
garbage,8,2,8,3,1,MEDIUM
garbage,8,2,3,8,1,MEDIUM
garbage,10,2,8,4,0,MEDIUM
road_damage,2,2,10,4,1,MEDIUM
road_damage,8,3,1,0,1,MEDIUM
water_pollution,3,6,7,9,0,MEDIUM
street_lights,8,8,7,6,0,HIGH
street_lights,4,1,7,7,0,MEDIUM
street_lights,9,6,6,10,1,HIGH
fallen_tree,1,2,6,8,1,MEDIUM
road_damage,8,5,4,2,0,MEDIUM
fallen_tree,4,5,7,1,1,MEDIUM
fallen_tree,2,8,4,2,0,MEDIUM
garbage,1,10,4,7,1,MEDIUM
road_damage,9,5,8,8,1,HIGH
road_damage,1,6,1,5,0,LOW
fallen_tree,2,4,9,7,0,MEDIUM
street_lights,4,2,1,2,1,LOW
road_damage,8,10,1,3,0,MEDIUM
road_damage,3,1,5,1,1,LOW
street_lights,3,10,2,1,0,MEDIUM
fallen_tree,10,10,4,1,0,MEDIUM
fallen_tree,6,7,6,1,0,MEDIUM
water_pollution,4,1,10,2,1,MEDIUM
road_damage,2,5,3,6,0,LOW
water_pollution,9,3,8,3,0,MEDIUM
garbage,2,10,7,2,0,MEDIUM
fallen_tree,2,1,1,2,0,LOW
street_lights,5,7,8,2,0,MEDIUM
garbage,5,9,8,6,0,MEDIUM
garbage,10,1,10,2,1,HIGH
street_lights,2,5,6,6,0,MEDIUM
street_lights,4,4,2,8,0,LOW
street_lights,6,9,9,3,1,HIGH
garbage,5,1,4,1,0,LOW
fallen_tree,8,3,3,10,0,MEDIUM
road_damage,6,5,4,6,1,MEDIUM
water_pollution,10,8,1,1,0,MEDIUM
street_lights,3,3,1,7,0,LOW
road_damage,4,8,10,9,1,HIGH
fallen_tree,4,6,4,1,1,MEDIUM
garbage,2,4,7,3,1,MEDIUM
garbage,2,8,10,7,0,MEDIUM
fallen_tree,3,4,10,7,0,MEDIUM
fallen_tree,6,3,8,3,1,MEDIUM
water_pollution,4,6,3,0,0,LOW
water_pollution,3,2,8,7,1,MEDIUM
garbage,6,4,5,9,0,MEDIUM
street_lights,3,10,9,3,0,MEDIUM
fallen_tree,9,8,4,9,1,HIGH
fallen_tree,5,1,7,3,0,MEDIUM
water_pollution,7,10,4,9,0,MEDIUM
street_lights,1,7,1,0,1,LOW
street_lights,1,7,9,6,1,MEDIUM
road_damage,8,8,4,1,0,MEDIUM
fallen_tree,4,3,6,4,0,MEDIUM
road_damage,1,8,5,2,1,MEDIUM
street_lights,10,1,8,7,0,MEDIUM
fallen_tree,3,6,8,10,0,MEDIUM
road_damage,7,6,9,0,1,HIGH
fallen_tree,5,10,9,9,0,HIGH
road_damage,10,6,1,8,1,MEDIUM
road_damage,2,7,6,7,0,MEDIUM
water_pollution,6,3,9,1,0,MEDIUM
garbage,6,4,9,1,1,MEDIUM
street_lights,4,4,6,5,1,MEDIUM
street_lights,7,5,1,1,1,MEDIUM
water_pollution,8,8,9,8,0,HIGH
fallen_tree,9,9,5,7,1,HIGH
road_damage,4,8,2,1,1,MEDIUM
garbage,5,2,2,2,1,LOW
road_damage,3,8,3,3,0,MEDIUM
water_pollution,7,9,3,7,1,HIGH
fallen_tree,8,1,5,3,0,MEDIUM
road_damage,4,9,6,6,1,HIGH
water_pollution,8,10,9,8,1,HIGH
fallen_tree,5,10,3,4,0,MEDIUM
water_pollution,4,8,6,4,0,MEDIUM
garbage,6,5,8,2,0,MEDIUM
street_lights,5,3,3,10,0,LOW
garbage,4,2,1,5,0,LOW
fallen_tree,5,6,3,3,0,MEDIUM
water_pollution,6,3,6,7,0,MEDIUM
street_lights,5,2,1,6,1,MEDIUM
garbage,8,6,3,0,1,MEDIUM
water_pollution,8,5,10,10,0,HIGH
street_lights,8,6,2,7,0,MEDIUM
garbage,9,2,5,0,1,MEDIUM
street_lights,4,8,6,1,1,MEDIUM
road_damage,10,4,10,8,0,HIGH
water_pollution,4,1,2,8,1,LOW
road_damage,9,7,4,7,1,HIGH
street_lights,10,9,1,10,1,HIGH
fallen_tree,3,7,6,6,1,MEDIUM
road_damage,5,6,6,4,1,MEDIUM
street_lights,2,4,8,6,1,MEDIUM
water_pollution,3,7,7,2,0,MEDIUM
garbage,4,5,8,8,1,MEDIUM
road_damage,10,7,2,0,1,MEDIUM
water_pollution,7,3,9,7,0,MEDIUM
garbage,3,7,5,8,1,MEDIUM
road_damage,5,10,5,7,1,HIGH
garbage,1,1,3,4,1,LOW
fallen_tree,2,5,7,2,1,MEDIUM
garbage,1,2,5,7,0,LOW
street_lights,6,10,8,9,1,HIGH
water_pollution,8,2,6,8,0,MEDIUM
water_pollution,3,10,1,2,1,MEDIUM
fallen_tree,3,6,3,0,1,MEDIUM
water_pollution,7,6,1,4,1,MEDIUM
street_lights,2,9,4,10,0,MEDIUM
road_damage,10,3,9,5,1,HIGH
water_pollution,5,6,2,8,1,MEDIUM
garbage,1,3,9,4,1,MEDIUM
fallen_tree,7,6,3,1,0,MEDIUM
garbage,9,4,4,8,0,MEDIUM
fallen_tree,8,2,2,2,0,LOW
fallen_tree,6,5,6,2,1,MEDIUM
street_lights,9,6,3,4,0,MEDIUM
road_damage,4,3,3,3,1,MEDIUM
garbage,4,3,2,6,0,LOW
road_damage,1,8,7,0,0,MEDIUM
road_damage,1,9,10,0,1,MEDIUM
road_damage,5,1,2,4,0,LOW
road_damage,2,10,4,9,0,MEDIUM
garbage,6,1,2,2,1,LOW
street_lights,6,6,3,8,0,MEDIUM
street_lights,10,2,2,9,0,MEDIUM
street_lights,4,4,5,2,0,MEDIUM
road_damage,4,9,8,5,0,MEDIUM
fallen_tree,2,3,6,6,1,MEDIUM
garbage,9,4,7,1,1,MEDIUM
road_damage,8,2,9,2,1,MEDIUM
water_pollution,5,9,1,1,1,MEDIUM
fallen_tree,2,7,5,7,1,MEDIUM
fallen_tree,4,9,7,4,1,HIGH
garbage,2,8,6,2,0,MEDIUM
fallen_tree,2,7,8,8,0,MEDIUM
road_damage,3,7,7,9,0,MEDIUM
garbage,2,6,4,5,0,MEDIUM
street_lights,7,2,4,6,1,MEDIUM
water_pollution,10,10,5,10,1,HIGH
water_pollution,8,10,7,7,1,HIGH
garbage,8,2,2,4,1,MEDIUM
fallen_tree,4,3,1,1,0,LOW
road_damage,8,1,3,6,1,MEDIUM
garbage,5,10,10,1,0,HIGH
street_lights,8,8,4,4,1,HIGH
fallen_tree,9,5,9,5,0,HIGH
road_damage,7,2,7,7,1,MEDIUM
fallen_tree,8,8,1,0,0,MEDIUM
street_lights,5,3,8,6,0,MEDIUM
water_pollution,7,8,2,9,1,MEDIUM
street_lights,9,10,8,7,0,HIGH
street_lights,1,7,5,7,1,MEDIUM
street_lights,6,5,6,0,0,MEDIUM
street_lights,1,3,6,5,0,LOW
water_pollution,7,2,7,5,1,MEDIUM
fallen_tree,6,1,4,3,0,LOW
water_pollution,10,2,2,4,0,MEDIUM
water_pollution,3,1,9,5,0,MEDIUM
fallen_tree,7,10,9,6,1,HIGH
road_damage,8,10,1,5,1,MEDIUM
street_lights,7,6,10,1,1,HIGH
road_damage,4,6,8,8,1,MEDIUM
garbage,10,5,6,6,0,MEDIUM
fallen_tree,2,9,4,4,1,MEDIUM
road_damage,5,10,7,3,0,MEDIUM
street_lights,2,10,6,4,0,MEDIUM
street_lights,9,8,7,3,1,HIGH
road_damage,5,9,5,6,1,HIGH
garbage,7,7,5,9,1,HIGH
street_lights,3,1,9,2,1,MEDIUM
garbage,8,5,9,9,1,HIGH
street_lights,1,9,4,5,1,MEDIUM
garbage,4,3,5,6,1,MEDIUM
water_pollution,2,4,7,4,1,MEDIUM
garbage,5,10,4,6,0,MEDIUM
road_damage,3,4,1,3,1,LOW
fallen_tree,8,9,7,6,0,HIGH
garbage,3,5,3,0,1,MEDIUM
water_pollution,9,3,1,7,0,MEDIUM
road_damage,2,6,10,4,0,MEDIUM
fallen_tree,6,2,7,2,0,MEDIUM
road_damage,10,9,2,8,1,HIGH
fallen_tree,2,4,10,1,1,MEDIUM
water_pollution,10,7,4,6,0,MEDIUM
garbage,2,3,4,4,1,MEDIUM
fallen_tree,5,10,1,7,1,MEDIUM
road_damage,6,9,7,7,0,MEDIUM
water_pollution,3,6,8,5,1,MEDIUM
road_damage,10,1,1,10,0,MEDIUM
water_pollution,9,7,5,10,1,HIGH
road_damage,9,4,8,6,0,MEDIUM
fallen_tree,5,5,2,3,1,MEDIUM
garbage,3,8,6,10,1,MEDIUM
road_damage,5,2,8,7,1,MEDIUM
water_pollution,7,2,3,4,0,MEDIUM
water_pollution,7,10,9,5,1,HIGH
road_damage,1,3,8,10,0,MEDIUM
road_damage,7,4,5,5,0,MEDIUM
road_damage,3,4,9,10,0,MEDIUM
street_lights,7,6,8,7,0,MEDIUM
water_pollution,3,10,6,4,0,MEDIUM
road_damage,7,6,3,6,1,MEDIUM
street_lights,4,1,1,8,0,LOW
road_damage,8,4,5,2,0,MEDIUM
fallen_tree,10,7,10,4,0,HIGH
road_damage,6,3,10,1,0,MEDIUM
street_lights,7,8,8,1,0,MEDIUM
garbage,4,5,5,7,1,MEDIUM
garbage,7,4,10,3,1,HIGH
garbage,7,3,7,2,0,MEDIUM
water_pollution,5,4,10,7,0,MEDIUM
water_pollution,10,8,2,0,1,MEDIUM
garbage,6,7,4,6,1,MEDIUM
street_lights,5,2,2,8,0,LOW
road_damage,6,4,8,5,0,MEDIUM
road_damage,5,9,10,6,1,HIGH
fallen_tree,6,3,9,0,0,MEDIUM
water_pollution,3,9,8,5,1,HIGH
garbage,2,6,9,6,0,MEDIUM
water_pollution,2,6,1,2,1,LOW
water_pollution,6,7,5,4,1,MEDIUM
street_lights,6,7,3,5,1,MEDIUM
garbage,9,8,1,3,0,MEDIUM
road_damage,4,3,1,7,1,MEDIUM
garbage,8,7,2,7,0,MEDIUM
fallen_tree,6,9,8,7,1,HIGH
road_damage,3,2,6,1,0,LOW
water_pollution,3,3,9,4,0,MEDIUM
street_lights,1,9,10,2,1,MEDIUM
road_damage,4,8,2,5,0,MEDIUM
water_pollution,2,7,6,9,0,MEDIUM
water_pollution,3,1,2,7,1,LOW
fallen_tree,5,10,1,5,0,MEDIUM
street_lights,8,6,10,2,0,HIGH
road_damage,5,6,1,1,1,MEDIUM
road_damage,7,5,3,3,1,MEDIUM
road_damage,1,4,3,6,1,LOW
water_pollution,3,2,5,7,1,MEDIUM
water_pollution,10,3,6,10,0,MEDIUM
water_pollution,9,4,8,7,1,HIGH
fallen_tree,5,10,10,6,0,HIGH
fallen_tree,6,10,3,6,1,MEDIUM
road_damage,1,9,6,7,0,MEDIUM
garbage,8,9,9,1,1,HIGH
fallen_tree,7,2,8,4,0,MEDIUM
garbage,5,4,9,6,1,MEDIUM
street_lights,1,9,2,0,0,LOW
street_lights,7,7,2,7,1,MEDIUM
water_pollution,5,10,2,8,0,MEDIUM
road_damage,8,3,3,6,0,MEDIUM
road_damage,7,5,6,9,1,MEDIUM
fallen_tree,10,5,6,2,0,MEDIUM
garbage,2,10,5,10,0,MEDIUM
fallen_tree,9,1,1,6,0,LOW
road_damage,3,8,8,6,1,HIGH
water_pollution,10,10,6,10,1,HIGH
water_pollution,2,3,3,0,0,LOW
road_damage,1,4,1,3,1,LOW
garbage,4,7,9,3,0,MEDIUM
water_pollution,8,3,8,6,0,MEDIUM
road_damage,3,3,8,7,1,MEDIUM
road_damage,8,10,4,3,1,HIGH
street_lights,7,1,6,0,0,MEDIUM
fallen_tree,7,8,10,9,1,HIGH
road_damage,8,7,8,8,1,HIGH
garbage,1,9,1,6,1,MEDIUM
street_lights,2,5,7,7,0,MEDIUM
fallen_tree,10,6,8,6,0,HIGH
garbage,5,4,8,5,1,MEDIUM
garbage,9,4,10,10,1,HIGH
street_lights,8,3,5,6,1,MEDIUM
water_pollution,8,3,10,3,1,HIGH
road_damage,8,3,3,3,0,MEDIUM
street_lights,8,2,7,7,1,MEDIUM
garbage,4,9,1,0,1,MEDIUM
water_pollution,6,3,3,8,0,MEDIUM
road_damage,6,7,2,9,0,MEDIUM
road_damage,9,4,8,4,1,HIGH
water_pollution,1,9,5,2,0,MEDIUM
road_damage,8,8,2,1,0,MEDIUM
street_lights,1,9,2,2,0,LOW
garbage,6,3,5,7,1,MEDIUM
road_damage,3,6,6,2,0,MEDIUM
garbage,8,7,1,3,1,MEDIUM
water_pollution,5,9,3,1,1,MEDIUM
water_pollution,7,6,4,2,1,MEDIUM
garbage,3,7,7,6,1,MEDIUM
street_lights,6,1,8,2,0,MEDIUM
street_lights,2,2,6,5,1,MEDIUM
garbage,7,1,7,0,0,MEDIUM
street_lights,1,9,5,6,1,MEDIUM
street_lights,5,6,6,0,1,MEDIUM
street_lights,10,3,7,7,0,MEDIUM
street_lights,10,10,8,5,1,HIGH
garbage,5,2,1,8,1,MEDIUM
fallen_tree,3,9,9,4,0,MEDIUM
road_damage,9,9,5,8,1,HIGH
garbage,1,1,9,9,1,MEDIUM
garbage,5,7,9,1,0,MEDIUM
water_pollution,5,9,6,1,0,MEDIUM
road_damage,8,5,10,0,1,HIGH
water_pollution,4,10,10,10,0,HIGH
water_pollution,5,5,10,10,0,MEDIUM
fallen_tree,9,4,2,5,0,MEDIUM
water_pollution,8,2,3,6,1,MEDIUM
road_damage,2,1,7,2,1,MEDIUM
garbage,8,2,6,10,1,MEDIUM
street_lights,9,9,7,4,1,HIGH
fallen_tree,8,8,7,2,0,MEDIUM
street_lights,3,8,8,2,0,MEDIUM
garbage,8,8,1,2,1,MEDIUM
road_damage,10,7,2,1,1,MEDIUM
street_lights,5,1,9,2,0,MEDIUM
water_pollution,5,6,5,4,1,MEDIUM
road_damage,3,3,10,6,0,MEDIUM
water_pollution,5,4,3,7,0,MEDIUM
road_damage,9,6,2,0,1,MEDIUM
fallen_tree,10,5,10,7,1,HIGH
fallen_tree,8,10,3,2,1,HIGH
fallen_tree,8,3,6,1,1,MEDIUM
fallen_tree,4,7,6,8,0,MEDIUM
fallen_tree,5,2,3,0,1,LOW
street_lights,2,9,2,3,0,LOW
street_lights,9,4,8,8,0,MEDIUM
road_damage,9,3,1,4,0,MEDIUM
garbage,10,8,2,8,1,HIGH
fallen_tree,10,1,8,0,1,MEDIUM
fallen_tree,3,7,1,8,1,MEDIUM
fallen_tree,5,2,2,1,0,LOW
water_pollution,3,3,5,1,0,LOW
water_pollution,7,3,1,9,1,MEDIUM
garbage,1,1,5,6,0,LOW
water_pollution,3,7,6,4,1,MEDIUM
road_damage,1,4,4,9,0,LOW
fallen_tree,9,9,7,1,1,HIGH
road_damage,6,8,9,6,0,HIGH
fallen_tree,1,7,4,0,1,MEDIUM
street_lights,10,2,4,8,0,MEDIUM
water_pollution,10,7,8,1,0,HIGH
garbage,6,9,3,3,1,MEDIUM
street_lights,8,1,1,7,1,MEDIUM
garbage,1,1,8,4,1,MEDIUM
fallen_tree,6,4,10,8,1,HIGH
road_damage,3,9,10,1,1,HIGH
road_damage,7,2,3,8,1,MEDIUM
fallen_tree,4,10,9,5,1,HIGH
water_pollution,8,5,4,10,1,MEDIUM
water_pollution,4,8,10,5,0,MEDIUM
garbage,1,10,8,0,0,MEDIUM
garbage,7,9,8,6,0,HIGH
road_damage,9,1,8,10,0,MEDIUM
water_pollution,7,10,6,6,0,HIGH
road_damage,2,8,6,3,1,MEDIUM
road_damage,4,1,5,10,1,MEDIUM
garbage,2,10,5,3,0,MEDIUM
fallen_tree,6,1,5,7,0,MEDIUM
road_damage,4,7,2,4,1,MEDIUM
garbage,9,4,10,10,0,HIGH
road_damage,10,3,2,2,1,MEDIUM
street_lights,4,9,5,3,0,MEDIUM
street_lights,10,5,9,7,0,HIGH
fallen_tree,1,6,7,6,1,MEDIUM
road_damage,9,8,8,5,0,HIGH
garbage,1,5,7,8,1,MEDIUM
water_pollution,1,7,4,5,0,MEDIUM
street_lights,1,4,7,1,0,LOW
garbage,3,6,5,1,0,MEDIUM
road_damage,8,7,1,9,1,MEDIUM
water_pollution,4,2,8,3,1,MEDIUM
road_damage,6,9,4,1,1,MEDIUM
road_damage,8,10,2,1,0,MEDIUM
road_damage,7,6,2,2,0,MEDIUM
fallen_tree,1,5,10,10,1,MEDIUM
road_damage,2,1,9,0,1,MEDIUM
fallen_tree,7,2,10,6,0,MEDIUM
street_lights,10,1,8,6,1,HIGH
fallen_tree,10,10,2,5,0,MEDIUM
fallen_tree,9,6,10,3,0,HIGH
road_damage,1,10,2,9,0,MEDIUM
street_lights,3,9,5,5,1,MEDIUM
fallen_tree,10,8,3,3,0,MEDIUM
road_damage,1,3,5,9,1,MEDIUM
street_lights,6,5,10,8,0,MEDIUM
garbage,8,5,10,5,1,HIGH
water_pollution,1,9,10,10,0,MEDIUM
road_damage,4,9,9,0,1,HIGH
water_pollution,4,4,4,1,1,MEDIUM
garbage,8,8,10,5,1,HIGH
street_lights,5,7,6,2,0,MEDIUM
fallen_tree,1,8,4,0,0,LOW
garbage,8,10,4,3,1,HIGH
water_pollution,7,4,7,2,0,MEDIUM
water_pollution,1,2,6,0,0,LOW
garbage,5,8,4,10,1,MEDIUM
road_damage,1,4,4,4,0,LOW
garbage,5,3,6,8,0,MEDIUM
garbage,4,1,3,4,0,LOW
road_damage,3,7,2,5,0,MEDIUM
water_pollution,8,4,6,5,0,MEDIUM
street_lights,10,7,2,1,0,MEDIUM
garbage,4,4,9,6,1,MEDIUM
water_pollution,10,7,4,0,0,MEDIUM
street_lights,5,3,6,3,0,MEDIUM
water_pollution,3,9,10,7,0,MEDIUM
road_damage,8,10,2,2,1,MEDIUM
street_lights,6,8,9,7,0,HIGH
water_pollution,6,9,8,7,1,HIGH
water_pollution,10,7,10,10,0,HIGH
garbage,4,4,8,3,1,MEDIUM
garbage,5,7,7,9,0,MEDIUM
water_pollution,5,9,2,2,0,MEDIUM
water_pollution,8,9,6,3,0,MEDIUM
fallen_tree,9,10,6,6,1,HIGH
fallen_tree,7,7,6,7,1,HIGH
water_pollution,7,1,3,7,0,MEDIUM
water_pollution,2,6,2,4,0,LOW
water_pollution,4,2,2,1,1,LOW
road_damage,9,4,6,3,1,MEDIUM
water_pollution,5,5,4,9,0,MEDIUM
street_lights,5,1,5,4,1,MEDIUM
fallen_tree,7,10,1,7,0,MEDIUM
fallen_tree,4,4,4,7,0,MEDIUM
street_lights,10,9,8,7,1,HIGH
road_damage,6,4,7,6,0,MEDIUM
fallen_tree,8,9,1,5,0,MEDIUM
street_lights,3,5,1,7,1,MEDIUM
water_pollution,4,7,7,10,1,MEDIUM
street_lights,5,6,10,0,0,MEDIUM
garbage,3,6,10,10,1,HIGH
fallen_tree,4,7,2,8,1,MEDIUM
garbage,8,2,6,9,1,MEDIUM
water_pollution,2,3,2,10,0,LOW
road_damage,10,8,1,2,0,MEDIUM
road_damage,7,5,4,3,1,MEDIUM
street_lights,2,8,1,5,0,LOW
garbage,6,7,7,2,0,MEDIUM
garbage,9,7,8,1,1,HIGH
garbage,3,4,5,6,1,MEDIUM
garbage,10,10,5,9,0,HIGH
street_lights,8,5,4,0,0,MEDIUM
fallen_tree,2,7,10,3,1,MEDIUM
street_lights,8,8,8,9,0,HIGH
road_damage,5,8,6,4,1,MEDIUM
street_lights,3,7,4,2,1,MEDIUM
fallen_tree,7,3,10,1,1,HIGH
road_damage,4,3,5,10,1,MEDIUM
road_damage,4,8,7,8,0,MEDIUM
water_pollution,2,2,9,5,1,MEDIUM
fallen_tree,3,5,4,8,0,MEDIUM
fallen_tree,1,2,8,6,1,MEDIUM
fallen_tree,4,7,1,0,1,MEDIUM
road_damage,3,6,8,7,1,MEDIUM
road_damage,2,9,4,7,0,MEDIUM
fallen_tree,5,3,3,0,0,LOW
garbage,5,2,9,6,0,MEDIUM
road_damage,1,5,3,7,1,MEDIUM
garbage,4,1,9,3,1,MEDIUM
road_damage,9,2,7,4,1,MEDIUM
road_damage,10,1,1,6,0,MEDIUM
garbage,6,4,4,1,0,MEDIUM
fallen_tree,1,1,6,3,0,LOW
garbage,2,3,3,0,1,LOW
street_lights,2,6,6,8,0,MEDIUM
street_lights,4,9,7,6,0,MEDIUM
garbage,4,2,6,5,0,MEDIUM
road_damage,7,6,1,6,0,MEDIUM
fallen_tree,4,2,5,10,1,MEDIUM
road_damage,2,4,7,4,1,MEDIUM
road_damage,9,10,3,4,0,MEDIUM
street_lights,6,7,3,5,0,MEDIUM
water_pollution,8,2,6,0,1,MEDIUM
fallen_tree,9,4,9,9,0,HIGH
garbage,1,10,2,4,0,MEDIUM
fallen_tree,4,10,2,0,0,MEDIUM
water_pollution,8,5,4,2,1,MEDIUM
garbage,1,4,10,7,1,MEDIUM
garbage,5,6,1,8,1,MEDIUM
water_pollution,1,4,6,5,0,LOW
garbage,9,1,4,10,0,MEDIUM
street_lights,7,9,6,2,1,HIGH
road_damage,2,8,2,3,0,LOW
garbage,4,3,2,2,0,LOW
garbage,9,2,7,7,1,HIGH
garbage,4,4,7,2,0,MEDIUM
water_pollution,5,10,8,10,0,HIGH
water_pollution,8,2,6,6,1,MEDIUM
garbage,8,8,7,8,1,HIGH
garbage,8,1,7,6,0,MEDIUM
water_pollution,10,9,3,8,0,MEDIUM
water_pollution,7,8,5,7,1,HIGH
fallen_tree,9,10,8,1,1,HIGH
garbage,8,4,3,3,0,MEDIUM
road_damage,9,6,8,6,1,HIGH
fallen_tree,6,7,8,4,0,MEDIUM
fallen_tree,1,2,7,9,0,LOW
garbage,7,5,6,8,1,MEDIUM
water_pollution,1,7,7,3,0,MEDIUM
fallen_tree,1,6,1,10,0,LOW
water_pollution,10,8,3,4,0,MEDIUM
street_lights,10,3,1,1,0,MEDIUM
fallen_tree,7,10,2,8,0,MEDIUM
fallen_tree,3,7,5,4,1,MEDIUM
street_lights,5,7,2,1,1,MEDIUM
garbage,5,4,7,4,0,MEDIUM
garbage,8,1,2,1,1,MEDIUM
street_lights,7,5,7,2,0,MEDIUM
water_pollution,3,3,4,7,0,LOW
street_lights,2,8,10,3,0,MEDIUM
garbage,1,3,4,4,1,LOW
fallen_tree,10,2,3,1,1,MEDIUM
road_damage,7,2,5,1,1,MEDIUM
road_damage,10,4,8,7,0,HIGH
road_damage,1,5,1,10,0,LOW
road_damage,4,9,1,6,1,MEDIUM
fallen_tree,8,6,10,6,1,HIGH
water_pollution,6,6,4,5,1,MEDIUM
fallen_tree,10,1,6,5,0,MEDIUM
road_damage,8,7,3,0,0,MEDIUM
street_lights,5,4,6,7,1,MEDIUM
street_lights,7,4,1,10,1,MEDIUM
road_damage,6,1,6,10,1,MEDIUM
garbage,10,8,7,9,0,HIGH
water_pollution,7,8,2,6,1,MEDIUM
street_lights,4,3,9,9,0,MEDIUM
garbage,8,2,5,10,1,MEDIUM
garbage,8,2,8,10,0,MEDIUM
garbage,4,3,2,1,1,LOW
road_damage,3,6,7,4,0,MEDIUM
water_pollution,8,2,3,8,1,MEDIUM
road_damage,6,4,10,9,0,MEDIUM
water_pollution,7,7,9,6,0,HIGH
garbage,5,2,5,1,0,LOW
road_damage,6,10,4,1,1,MEDIUM
garbage,6,7,10,0,1,HIGH
road_damage,10,9,4,6,1,HIGH
water_pollution,6,3,9,10,0,MEDIUM
road_damage,7,1,9,7,1,MEDIUM
garbage,5,4,8,10,1,MEDIUM
garbage,10,5,3,10,0,MEDIUM
street_lights,6,5,9,1,1,MEDIUM
street_lights,8,4,8,4,1,HIGH
road_damage,6,3,4,3,0,MEDIUM
garbage,8,7,5,10,0,MEDIUM
road_damage,9,7,6,6,1,HIGH
water_pollution,7,7,2,8,1,MEDIUM
water_pollution,4,9,7,1,0,MEDIUM
water_pollution,10,1,5,7,0,MEDIUM
street_lights,3,8,8,4,0,MEDIUM
garbage,4,4,1,5,0,LOW
garbage,7,7,3,0,0,MEDIUM
water_pollution,8,3,1,1,1,MEDIUM
street_lights,7,3,7,3,0,MEDIUM
road_damage,4,7,8,4,0,MEDIUM
fallen_tree,2,8,7,4,1,MEDIUM
water_pollution,1,2,2,1,0,LOW
fallen_tree,9,4,1,9,1,MEDIUM
water_pollution,2,10,3,6,1,MEDIUM
fallen_tree,5,10,3,1,1,MEDIUM
road_damage,9,3,7,0,1,MEDIUM
street_lights,9,9,8,1,0,HIGH
garbage,2,3,10,2,0,MEDIUM
street_lights,8,6,2,0,0,MEDIUM
street_lights,4,3,2,8,1,MEDIUM
road_damage,2,2,9,4,1,MEDIUM
street_lights,3,7,1,3,1,MEDIUM
road_damage,9,5,9,7,0,HIGH
street_lights,8,6,9,5,0,HIGH
road_damage,1,4,1,3,0,LOW
water_pollution,4,3,10,8,0,MEDIUM
street_lights,6,5,3,9,1,MEDIUM
road_damage,9,5,5,6,0,MEDIUM
fallen_tree,8,2,5,10,1,MEDIUM
garbage,9,4,2,10,1,MEDIUM
garbage,6,10,9,9,0,HIGH
fallen_tree,3,6,7,6,0,MEDIUM
street_lights,4,2,5,1,0,LOW
street_lights,7,2,6,10,0,MEDIUM
water_pollution,6,5,3,3,1,MEDIUM
road_damage,2,7,4,6,0,MEDIUM
road_damage,3,9,5,9,1,MEDIUM
road_damage,9,6,10,4,1,HIGH
street_lights,2,1,3,5,1,LOW
garbage,6,9,9,9,1,HIGH
fallen_tree,10,3,5,0,0,MEDIUM
garbage,3,7,10,4,0,MEDIUM
water_pollution,4,10,7,7,0,MEDIUM
fallen_tree,6,8,9,4,1,HIGH
fallen_tree,9,4,5,10,0,MEDIUM
water_pollution,7,6,2,10,0,MEDIUM
road_damage,4,2,3,9,0,LOW
road_damage,5,9,8,0,1,HIGH
street_lights,3,8,8,8,0,MEDIUM
fallen_tree,1,10,4,0,1,MEDIUM
street_lights,6,4,9,10,0,MEDIUM
street_lights,8,3,9,3,0,MEDIUM
road_damage,6,3,9,5,0,MEDIUM
fallen_tree,8,7,3,5,0,MEDIUM
water_pollution,4,9,2,4,1,MEDIUM
fallen_tree,5,5,4,0,1,MEDIUM
garbage,5,9,1,7,1,MEDIUM
road_damage,6,1,10,7,1,MEDIUM
water_pollution,6,2,1,5,0,LOW
fallen_tree,6,1,2,6,1,MEDIUM
garbage,2,9,9,2,1,MEDIUM
road_damage,8,1,3,10,1,MEDIUM
garbage,8,7,6,4,1,HIGH
fallen_tree,3,9,5,1,1,MEDIUM
fallen_tree,3,3,6,6,0,MEDIUM
water_pollution,4,2,4,4,0,LOW
garbage,7,7,6,0,0,MEDIUM
garbage,8,5,2,6,1,MEDIUM
street_lights,8,3,6,6,1,MEDIUM
garbage,2,2,1,2,0,LOW
water_pollution,9,1,4,0,1,MEDIUM
fallen_tree,10,1,7,7,1,HIGH
water_pollution,8,2,7,3,0,MEDIUM
street_lights,3,4,5,1,1,MEDIUM
garbage,7,4,8,1,0,MEDIUM
garbage,10,3,4,1,0,MEDIUM
fallen_tree,1,5,4,2,1,MEDIUM
road_damage,10,4,2,0,1,MEDIUM
fallen_tree,9,5,4,3,1,MEDIUM
fallen_tree,8,1,9,6,0,MEDIUM
water_pollution,2,5,6,4,1,MEDIUM
fallen_tree,4,6,1,2,0,LOW
road_damage,1,6,4,4,1,MEDIUM
water_pollution,10,2,7,2,1,MEDIUM
fallen_tree,6,6,5,1,0,MEDIUM
road_damage,9,3,6,5,1,HIGH
street_lights,9,10,6,3,1,HIGH
garbage,10,7,2,1,0,MEDIUM
street_lights,2,1,10,10,0,MEDIUM
garbage,8,2,2,8,1,MEDIUM
water_pollution,8,4,9,2,0,MEDIUM
garbage,4,7,9,4,1,HIGH
water_pollution,8,2,7,1,1,MEDIUM
fallen_tree,9,9,1,2,1,MEDIUM
garbage,5,1,10,0,0,MEDIUM
fallen_tree,8,9,9,1,0,HIGH
fallen_tree,9,7,9,6,1,HIGH
street_lights,5,4,3,0,0,LOW
street_lights,4,10,1,8,1,MEDIUM
street_lights,9,5,5,3,1,MEDIUM
water_pollution,9,2,3,3,0,MEDIUM
street_lights,4,5,1,10,0,LOW
water_pollution,3,5,1,10,0,LOW
garbage,9,2,1,10,1,MEDIUM
street_lights,6,6,2,8,1,MEDIUM
garbage,7,10,5,5,0,MEDIUM
road_damage,6,4,5,2,1,MEDIUM
road_damage,9,10,2,6,1,HIGH
street_lights,9,4,8,3,1,HIGH
water_pollution,4,10,7,2,1,HIGH
garbage,7,6,3,7,0,MEDIUM
fallen_tree,3,8,3,2,0,MEDIUM
street_lights,8,3,5,0,1,MEDIUM
garbage,3,7,10,3,0,MEDIUM
garbage,2,7,4,7,1,MEDIUM
road_damage,9,3,1,9,0,MEDIUM
fallen_tree,7,1,2,0,0,LOW
garbage,4,2,5,2,0,LOW
road_damage,2,9,6,1,0,MEDIUM
garbage,8,10,8,2,1,HIGH
water_pollution,8,3,4,0,1,MEDIUM
street_lights,2,1,1,1,1,LOW
road_damage,9,7,3,0,0,MEDIUM
road_damage,4,7,7,2,1,MEDIUM
water_pollution,4,7,2,7,0,MEDIUM
road_damage,4,2,5,5,0,LOW
street_lights,6,2,6,1,0,MEDIUM
street_lights,3,3,7,8,1,MEDIUM
street_lights,3,7,3,10,1,MEDIUM
street_lights,5,6,2,4,1,MEDIUM
water_pollution,5,2,1,2,0,LOW
water_pollution,3,7,8,7,0,MEDIUM
road_damage,10,7,5,2,0,MEDIUM
water_pollution,3,3,7,5,1,MEDIUM
fallen_tree,7,8,7,9,1,HIGH
garbage,4,7,7,8,1,MEDIUM
street_lights,9,8,9,8,0,HIGH
fallen_tree,2,10,7,8,0,MEDIUM
road_damage,4,6,1,3,0,LOW
water_pollution,9,8,3,1,0,MEDIUM
water_pollution,6,3,5,7,0,MEDIUM
street_lights,7,4,4,3,0,MEDIUM
garbage,2,3,7,0,1,MEDIUM
water_pollution,1,2,10,1,1,MEDIUM
street_lights,3,1,3,5,0,LOW
road_damage,4,2,1,9,1,LOW
garbage,3,8,3,8,1,MEDIUM
fallen_tree,7,6,8,10,0,MEDIUM
water_pollution,2,3,1,10,0,LOW
street_lights,3,9,3,0,1,MEDIUM
fallen_tree,8,9,5,9,1,HIGH
garbage,7,3,5,1,1,MEDIUM
garbage,4,7,10,0,0,MEDIUM
fallen_tree,3,9,10,1,1,HIGH
fallen_tree,6,7,7,2,0,MEDIUM
water_pollution,7,4,5,1,0,MEDIUM
road_damage,6,10,6,0,0,MEDIUM
water_pollution,3,9,2,1,0,LOW
street_lights,1,5,4,8,0,LOW
road_damage,4,5,2,9,0,LOW
street_lights,8,1,1,5,0,LOW
water_pollution,1,6,5,6,0,MEDIUM
water_pollution,7,6,3,10,0,MEDIUM
water_pollution,7,9,2,8,0,MEDIUM
road_damage,10,7,8,9,0,HIGH
water_pollution,3,3,8,1,0,MEDIUM
garbage,4,3,3,8,1,MEDIUM
fallen_tree,3,6,5,5,1,MEDIUM
road_damage,7,4,4,9,0,MEDIUM
garbage,10,8,2,0,0,MEDIUM
water_pollution,9,2,8,1,1,MEDIUM
water_pollution,3,5,3,1,1,MEDIUM
street_lights,6,6,2,1,0,MEDIUM
fallen_tree,5,8,5,7,0,MEDIUM
road_damage,10,8,1,5,1,HIGH
fallen_tree,7,10,3,7,1,HIGH
street_lights,10,6,6,1,1,HIGH
street_lights,8,5,1,9,0,MEDIUM
garbage,9,1,3,1,1,MEDIUM
fallen_tree,3,10,7,1,0,MEDIUM
fallen_tree,8,2,6,7,1,MEDIUM
street_lights,8,2,2,2,0,LOW
fallen_tree,7,4,7,5,0,MEDIUM
water_pollution,6,10,8,3,1,HIGH
road_damage,5,8,1,8,0,MEDIUM
fallen_tree,3,4,6,9,0,MEDIUM
street_lights,7,1,6,6,1,MEDIUM
garbage,1,4,1,10,1,LOW
water_pollution,5,3,2,2,0,LOW
water_pollution,7,2,5,7,1,MEDIUM
street_lights,4,5,3,0,0,LOW
fallen_tree,6,5,3,3,1,MEDIUM
fallen_tree,8,8,9,2,1,HIGH
water_pollution,10,7,1,8,0,MEDIUM
road_damage,10,10,3,5,1,HIGH
road_damage,3,8,3,7,1,MEDIUM
road_damage,7,5,9,0,1,HIGH
garbage,8,10,2,0,0,MEDIUM
garbage,7,9,3,9,1,HIGH
garbage,6,4,4,10,0,MEDIUM
water_pollution,6,1,5,4,0,MEDIUM
fallen_tree,8,7,7,5,1,HIGH
street_lights,7,9,6,1,0,MEDIUM
fallen_tree,7,6,3,8,0,MEDIUM
street_lights,7,7,5,10,1,HIGH
water_pollution,10,2,2,1,0,MEDIUM
road_damage,10,7,2,7,0,MEDIUM
fallen_tree,9,10,1,10,1,HIGH
fallen_tree,4,4,8,8,1,MEDIUM
road_damage,4,8,2,5,1,MEDIUM
fallen_tree,7,1,6,3,1,MEDIUM
water_pollution,5,5,7,10,0,MEDIUM
road_damage,7,1,1,0,0,LOW
water_pollution,9,10,6,5,0,HIGH
street_lights,7,4,9,6,0,MEDIUM
street_lights,7,1,10,6,0,MEDIUM
fallen_tree,3,7,6,8,0,MEDIUM
fallen_tree,4,2,3,8,0,LOW
street_lights,7,5,9,2,1,HIGH
garbage,2,2,1,6,0,LOW
street_lights,3,1,10,8,0,MEDIUM
street_lights,7,1,3,7,1,MEDIUM
garbage,4,4,5,3,0,MEDIUM
fallen_tree,5,1,5,1,0,LOW
road_damage,10,2,2,7,0,MEDIUM
road_damage,3,5,5,2,0,LOW
road_damage,8,6,4,6,0,MEDIUM
fallen_tree,1,7,2,7,0,LOW
garbage,7,7,6,10,1,HIGH
garbage,3,5,1,2,0,LOW
road_damage,6,6,8,9,0,MEDIUM
garbage,9,5,2,3,0,MEDIUM
street_lights,1,9,9,2,0,MEDIUM
water_pollution,2,4,1,5,0,LOW
garbage,2,3,5,4,1,MEDIUM
garbage,2,6,9,10,1,MEDIUM
fallen_tree,8,7,9,6,0,HIGH
water_pollution,3,4,5,6,0,MEDIUM
street_lights,10,5,3,3,1,MEDIUM
fallen_tree,8,7,10,4,1,HIGH
street_lights,2,10,7,6,0,MEDIUM
street_lights,6,6,2,7,0,MEDIUM
road_damage,9,5,10,6,1,HIGH
street_lights,9,6,7,0,0,MEDIUM
garbage,6,7,3,5,0,MEDIUM
road_damage,4,6,6,2,1,MEDIUM
road_damage,1,6,1,5,0,LOW
fallen_tree,10,6,4,8,0,MEDIUM
fallen_tree,5,10,4,8,0,MEDIUM
road_damage,9,5,10,10,0,HIGH
street_lights,7,7,6,5,0,MEDIUM
garbage,1,8,8,0,1,MEDIUM
fallen_tree,2,2,8,2,1,MEDIUM
street_lights,7,4,10,0,1,HIGH
road_damage,10,1,8,4,0,MEDIUM
fallen_tree,1,9,9,0,1,MEDIUM
road_damage,2,8,2,6,1,MEDIUM
water_pollution,6,6,7,1,1,MEDIUM
fallen_tree,10,1,7,4,1,MEDIUM
fallen_tree,2,6,10,1,0,MEDIUM
garbage,1,1,3,1,1,LOW
fallen_tree,4,3,2,3,1,MEDIUM
street_lights,1,1,5,0,0,LOW
road_damage,5,2,5,5,1,MEDIUM
water_pollution,3,3,10,7,0,MEDIUM
garbage,6,3,10,6,1,HIGH
road_damage,9,9,4,9,1,HIGH
fallen_tree,5,6,8,3,0,MEDIUM
water_pollution,5,2,6,8,0,MEDIUM
garbage,2,2,8,0,0,LOW
road_damage,4,8,7,3,1,MEDIUM
road_damage,6,4,10,8,1,HIGH
water_pollution,8,3,9,1,0,MEDIUM
garbage,6,7,8,9,0,MEDIUM
fallen_tree,4,2,5,6,0,LOW
water_pollution,10,2,3,7,0,MEDIUM
road_damage,4,1,8,2,1,MEDIUM
road_damage,8,9,8,5,1,HIGH
road_damage,9,2,6,6,0,MEDIUM
garbage,7,9,7,8,1,HIGH
road_damage,8,5,6,1,0,MEDIUM
fallen_tree,7,4,5,3,1,MEDIUM
garbage,10,5,9,9,1,HIGH
street_lights,7,2,1,10,0,LOW
road_damage,4,2,1,0,1,LOW
garbage,2,9,2,4,0,MEDIUM
street_lights,7,7,7,1,0,MEDIUM
water_pollution,8,4,3,3,1,MEDIUM
water_pollution,10,5,1,1,0,MEDIUM
street_lights,10,8,5,3,0,MEDIUM
water_pollution,2,3,3,5,1,MEDIUM
garbage,1,8,7,5,0,MEDIUM
garbage,5,2,3,10,0,LOW
street_lights,6,8,10,0,1,HIGH
garbage,8,2,1,0,1,MEDIUM
garbage,9,9,3,2,0,MEDIUM
road_damage,5,6,8,7,1,HIGH
street_lights,5,8,5,5,1,MEDIUM
road_damage,6,5,6,8,1,MEDIUM
road_damage,5,9,1,2,1,MEDIUM
garbage,3,6,8,0,0,MEDIUM
street_lights,7,6,4,1,0,MEDIUM
fallen_tree,2,5,9,7,0,MEDIUM
water_pollution,6,6,7,9,1,HIGH
water_pollution,5,4,1,9,1,MEDIUM
street_lights,2,7,8,9,1,MEDIUM
water_pollution,2,1,8,10,0,MEDIUM
fallen_tree,3,9,5,9,0,MEDIUM
water_pollution,8,5,2,4,0,MEDIUM
fallen_tree,1,4,5,9,0,LOW
road_damage,8,5,1,6,1,MEDIUM
road_damage,1,5,3,5,1,MEDIUM
street_lights,9,3,2,4,0,MEDIUM
garbage,7,10,2,4,0,MEDIUM
road_damage,8,6,4,10,1,MEDIUM
fallen_tree,7,2,5,4,1,MEDIUM
garbage,10,7,6,9,0,HIGH
garbage,5,3,7,8,0,MEDIUM
water_pollution,5,2,5,9,1,MEDIUM
street_lights,3,7,7,1,0,MEDIUM
street_lights,8,6,9,10,1,HIGH
fallen_tree,6,7,8,6,1,HIGH
fallen_tree,1,9,1,6,0,LOW
garbage,10,5,4,9,1,HIGH
garbage,10,9,10,4,0,HIGH
fallen_tree,3,7,1,7,1,MEDIUM
road_damage,2,1,5,10,0,LOW
water_pollution,10,2,5,9,1,MEDIUM
water_pollution,1,2,10,10,0,MEDIUM
garbage,9,3,9,7,0,MEDIUM
garbage,3,5,5,0,1,MEDIUM
street_lights,4,2,2,0,0,LOW
street_lights,2,9,2,3,0,LOW
road_damage,8,1,9,7,1,HIGH
road_damage,2,5,7,7,0,MEDIUM
garbage,9,5,10,10,1,HIGH
street_lights,2,7,3,10,0,MEDIUM
garbage,3,4,3,8,0,LOW
fallen_tree,8,5,5,10,0,MEDIUM
street_lights,8,6,5,6,1,HIGH
road_damage,8,7,7,2,0,MEDIUM
water_pollution,8,2,10,6,0,MEDIUM
street_lights,5,1,10,7,0,MEDIUM
water_pollution,3,8,8,4,0,MEDIUM
garbage,6,9,9,3,1,HIGH
street_lights,7,9,2,2,0,MEDIUM
water_pollution,10,6,8,2,1,HIGH
water_pollution,7,2,8,6,1,MEDIUM
street_lights,3,10,9,10,1,HIGH
garbage,6,10,10,5,1,HIGH
road_damage,1,1,3,3,0,LOW
road_damage,8,8,6,3,0,MEDIUM
road_damage,3,7,7,1,0,MEDIUM
street_lights,5,2,1,1,1,LOW
water_pollution,10,1,3,5,0,MEDIUM
fallen_tree,7,3,10,8,0,MEDIUM
garbage,5,8,8,10,1,HIGH
garbage,4,3,7,8,0,MEDIUM
road_damage,10,1,2,3,0,MEDIUM
garbage,1,6,7,9,0,MEDIUM
water_pollution,3,9,8,3,0,MEDIUM
street_lights,8,9,6,5,0,HIGH
road_damage,8,7,7,1,0,MEDIUM
garbage,9,5,2,1,1,MEDIUM
garbage,1,10,9,5,0,MEDIUM
garbage,5,5,7,5,0,MEDIUM
garbage,5,2,9,9,0,MEDIUM
street_lights,10,9,5,6,0,HIGH
street_lights,2,10,8,4,0,MEDIUM
road_damage,6,7,5,3,1,MEDIUM
road_damage,3,4,9,5,0,MEDIUM
garbage,8,2,10,9,0,MEDIUM
water_pollution,2,7,10,9,0,MEDIUM
street_lights,8,3,5,0,0,MEDIUM
road_damage,8,9,4,10,1,HIGH
fallen_tree,8,5,4,0,0,MEDIUM
road_damage,4,9,10,6,0,HIGH
street_lights,8,1,7,6,0,MEDIUM
fallen_tree,7,9,3,1,1,MEDIUM
road_damage,10,6,6,3,1,HIGH
fallen_tree,1,4,4,1,0,LOW
garbage,7,9,10,0,0,HIGH
garbage,1,2,1,2,1,LOW
garbage,5,1,6,5,0,MEDIUM
water_pollution,3,10,7,7,0,MEDIUM
road_damage,2,5,9,3,1,MEDIUM
water_pollution,4,8,5,5,1,MEDIUM
garbage,9,5,6,8,0,MEDIUM
road_damage,6,7,10,7,1,HIGH
road_damage,4,3,9,3,1,MEDIUM
street_lights,4,2,6,2,0,LOW
garbage,8,8,2,0,1,MEDIUM
road_damage,5,5,10,6,1,HIGH
road_damage,1,5,10,6,1,MEDIUM
road_damage,7,7,8,0,0,MEDIUM
garbage,7,3,7,8,0,MEDIUM
water_pollution,1,9,6,0,1,MEDIUM
water_pollution,10,4,1,5,1,MEDIUM
fallen_tree,1,2,9,6,1,MEDIUM
street_lights,8,7,10,9,1,HIGH
garbage,7,8,4,2,0,MEDIUM
water_pollution,5,2,4,8,1,MEDIUM
water_pollution,10,7,1,9,1,MEDIUM
water_pollution,5,5,10,0,0,MEDIUM
water_pollution,10,6,5,2,1,HIGH
fallen_tree,1,8,1,7,0,LOW
water_pollution,8,9,4,6,0,MEDIUM
street_lights,2,5,10,8,1,MEDIUM
road_damage,8,3,5,4,1,MEDIUM
fallen_tree,3,4,3,2,0,LOW
garbage,2,1,3,10,1,LOW
street_lights,6,1,9,3,0,MEDIUM
water_pollution,5,1,6,8,0,MEDIUM
street_lights,4,6,2,1,1,MEDIUM
road_damage,9,2,4,3,1,MEDIUM
street_lights,6,7,2,10,1,MEDIUM
water_pollution,3,1,6,9,1,MEDIUM
water_pollution,7,6,8,4,0,MEDIUM
garbage,6,1,5,2,0,LOW
road_damage,10,4,6,8,1,HIGH
garbage,7,10,1,10,0,MEDIUM
fallen_tree,2,2,4,9,1,MEDIUM
street_lights,2,9,1,9,1,MEDIUM
street_lights,9,8,6,4,0,HIGH
street_lights,5,4,6,3,1,MEDIUM
garbage,8,6,2,3,1,MEDIUM
fallen_tree,6,2,6,8,0,MEDIUM
water_pollution,8,10,4,7,1,HIGH
garbage,10,3,9,3,1,HIGH
street_lights,3,10,5,4,1,MEDIUM
water_pollution,2,2,7,6,0,LOW
street_lights,8,4,3,7,0,MEDIUM
garbage,2,7,5,8,1,MEDIUM
road_damage,3,1,7,0,0,LOW
road_damage,3,9,9,6,1,HIGH
water_pollution,3,7,9,3,1,MEDIUM
road_damage,6,6,10,9,0,HIGH
road_damage,2,6,8,6,1,MEDIUM
fallen_tree,5,8,3,2,0,MEDIUM
garbage,1,10,10,5,1,HIGH
fallen_tree,6,8,3,8,1,MEDIUM
road_damage,4,5,8,5,0,MEDIUM
street_lights,9,9,10,8,1,HIGH
water_pollution,6,7,6,2,0,MEDIUM
road_damage,4,7,9,4,1,HIGH
road_damage,6,5,3,1,1,MEDIUM
water_pollution,8,8,4,2,1,MEDIUM
water_pollution,10,2,4,10,1,MEDIUM
garbage,2,4,9,8,0,MEDIUM
road_damage,10,1,9,8,0,MEDIUM
road_damage,8,1,6,3,1,MEDIUM
street_lights,7,8,9,2,1,HIGH
water_pollution,2,2,8,6,1,MEDIUM
water_pollution,2,3,5,10,0,LOW
water_pollution,2,4,2,5,0,LOW
street_lights,6,5,8,10,0,MEDIUM
water_pollution,1,7,2,8,1,MEDIUM
garbage,9,1,1,3,0,LOW
street_lights,7,4,4,4,1,MEDIUM
garbage,8,3,8,4,0,MEDIUM
garbage,2,9,4,0,1,MEDIUM
road_damage,8,9,10,3,0,HIGH
road_damage,7,5,10,6,0,HIGH
water_pollution,8,9,3,4,0,MEDIUM
water_pollution,8,8,7,9,1,HIGH
street_lights,8,5,2,3,0,MEDIUM
water_pollution,7,8,6,3,1,HIGH
road_damage,3,8,6,10,0,MEDIUM
water_pollution,7,3,8,7,1,HIGH
garbage,1,5,5,8,0,LOW
fallen_tree,1,9,6,4,1,MEDIUM
fallen_tree,7,8,7,6,1,HIGH
road_damage,5,8,4,5,0,MEDIUM
water_pollution,8,7,4,9,0,MEDIUM
street_lights,4,2,10,9,1,MEDIUM
garbage,10,9,1,0,1,MEDIUM
road_damage,6,6,9,1,0,MEDIUM
street_lights,4,6,9,3,0,MEDIUM
street_lights,7,4,5,2,1,MEDIUM
water_pollution,7,4,9,3,0,MEDIUM
road_damage,1,9,2,8,1,MEDIUM
fallen_tree,1,3,5,4,0,LOW
garbage,4,1,5,1,1,MEDIUM
fallen_tree,3,5,2,1,0,LOW
street_lights,7,1,1,8,0,LOW
road_damage,10,7,4,9,1,HIGH
water_pollution,7,9,1,4,1,MEDIUM
fallen_tree,4,2,5,10,1,MEDIUM
fallen_tree,5,7,2,3,1,MEDIUM
street_lights,5,8,5,8,0,MEDIUM
fallen_tree,1,8,7,5,0,MEDIUM
fallen_tree,4,10,1,6,0,MEDIUM
fallen_tree,6,8,10,1,1,HIGH
water_pollution,3,2,2,8,0,LOW
garbage,8,10,4,1,0,MEDIUM
fallen_tree,10,8,9,9,0,HIGH
road_damage,8,5,7,4,1,HIGH
garbage,1,6,10,9,1,MEDIUM
road_damage,5,4,9,7,1,MEDIUM
water_pollution,4,6,8,7,0,MEDIUM
road_damage,7,2,7,2,0,MEDIUM
garbage,9,2,3,3,1,MEDIUM
road_damage,1,7,8,2,1,MEDIUM
garbage,9,7,7,0,1,HIGH
road_damage,7,5,5,8,1,MEDIUM
street_lights,6,10,3,2,1,MEDIUM
street_lights,4,10,6,8,1,HIGH
fallen_tree,8,4,6,2,0,MEDIUM
street_lights,8,1,6,6,0,MEDIUM
garbage,8,2,1,4,0,LOW
garbage,2,9,8,5,0,MEDIUM
road_damage,10,8,10,2,0,HIGH
water_pollution,9,4,6,10,0,MEDIUM
garbage,5,5,7,9,1,MEDIUM
water_pollution,10,7,5,8,0,HIGH
road_damage,10,3,2,3,1,MEDIUM
garbage,5,10,2,2,1,MEDIUM
water_pollution,10,10,10,4,1,HIGH
garbage,3,1,4,3,0,LOW
street_lights,3,3,3,7,0,LOW
water_pollution,2,1,3,8,1,LOW
fallen_tree,8,6,5,8,0,MEDIUM
garbage,9,7,7,6,1,HIGH
water_pollution,5,9,6,8,0,MEDIUM
street_lights,4,3,5,2,1,MEDIUM
street_lights,8,8,5,10,0,MEDIUM
street_lights,7,6,3,0,1,MEDIUM
fallen_tree,6,7,4,9,0,MEDIUM
fallen_tree,6,3,1,3,1,MEDIUM
water_pollution,9,4,1,9,1,MEDIUM
water_pollution,2,6,5,8,0,MEDIUM
street_lights,5,1,5,10,1,MEDIUM
fallen_tree,1,5,5,10,0,LOW
street_lights,1,8,10,10,1,HIGH
fallen_tree,3,8,9,1,0,MEDIUM
water_pollution,1,10,3,2,0,LOW
road_damage,7,2,1,7,0,LOW
water_pollution,2,9,5,3,0,MEDIUM
water_pollution,6,3,10,5,0,MEDIUM
fallen_tree,7,1,2,3,0,LOW
water_pollution,2,3,8,0,1,MEDIUM
street_lights,4,9,7,2,0,MEDIUM
water_pollution,5,9,6,1,1,MEDIUM
fallen_tree,10,2,10,7,0,HIGH
road_damage,2,3,2,2,1,LOW
street_lights,1,3,1,3,1,LOW
fallen_tree,2,4,5,10,0,LOW
garbage,5,1,7,4,0,MEDIUM
water_pollution,3,10,6,6,0,MEDIUM
garbage,5,4,3,4,1,MEDIUM
fallen_tree,5,2,8,5,1,MEDIUM
water_pollution,9,8,3,0,1,MEDIUM
garbage,9,10,4,6,1,HIGH
water_pollution,4,6,9,8,1,HIGH
road_damage,9,4,5,3,1,MEDIUM
water_pollution,1,2,9,10,0,MEDIUM
fallen_tree,3,8,10,5,1,HIGH
street_lights,7,10,1,5,0,MEDIUM
water_pollution,1,3,7,7,1,MEDIUM
water_pollution,2,3,6,4,0,LOW
fallen_tree,9,3,1,7,1,MEDIUM
street_lights,10,7,7,7,0,HIGH
water_pollution,6,10,6,7,1,HIGH
water_pollution,1,4,9,1,1,MEDIUM
fallen_tree,5,10,7,9,0,MEDIUM
garbage,9,3,5,9,0,MEDIUM
street_lights,3,3,6,0,0,LOW
water_pollution,3,6,8,6,0,MEDIUM
fallen_tree,1,3,4,2,1,LOW
water_pollution,2,3,4,3,1,MEDIUM
road_damage,4,3,9,5,0,MEDIUM
fallen_tree,3,6,2,7,1,MEDIUM
garbage,8,7,8,3,0,HIGH
fallen_tree,3,6,3,6,1,MEDIUM
water_pollution,7,10,7,8,0,HIGH
water_pollution,8,10,1,3,0,MEDIUM
garbage,6,6,6,8,0,MEDIUM
street_lights,10,7,2,10,0,MEDIUM
garbage,8,4,1,3,1,MEDIUM
fallen_tree,2,6,7,10,0,MEDIUM
fallen_tree,3,5,5,6,1,MEDIUM
road_damage,5,7,3,2,1,MEDIUM
street_lights,2,8,2,5,0,LOW
fallen_tree,1,3,6,2,1,MEDIUM
fallen_tree,1,8,7,6,0,MEDIUM
water_pollution,7,5,2,9,1,MEDIUM
street_lights,6,8,6,8,1,HIGH
road_damage,3,7,9,6,0,MEDIUM
garbage,1,6,10,4,0,MEDIUM
street_lights,10,8,7,0,1,HIGH
water_pollution,1,2,8,7,1,MEDIUM
road_damage,10,6,5,6,1,HIGH
water_pollution,1,9,5,2,1,MEDIUM
water_pollution,7,1,8,5,1,MEDIUM
road_damage,10,2,6,0,1,MEDIUM
garbage,3,2,9,1,0,MEDIUM
garbage,8,7,5,5,1,HIGH
street_lights,4,9,10,7,0,HIGH
road_damage,6,6,1,2,0,LOW
fallen_tree,9,2,6,10,1,MEDIUM
fallen_tree,7,1,3,4,0,LOW
fallen_tree,2,4,10,4,1,MEDIUM
street_lights,9,9,4,0,1,HIGH
street_lights,8,4,7,4,0,MEDIUM
water_pollution,9,1,10,6,0,MEDIUM
water_pollution,5,1,7,3,0,MEDIUM
fallen_tree,3,5,5,7,1,MEDIUM
road_damage,4,4,1,5,0,LOW
road_damage,10,5,10,7,1,HIGH
street_lights,6,9,7,7,0,MEDIUM
water_pollution,6,6,6,7,0,MEDIUM
fallen_tree,8,4,9,2,1,HIGH
water_pollution,7,1,10,1,1,MEDIUM
street_lights,6,2,4,8,1,MEDIUM
water_pollution,5,6,8,10,1,HIGH
road_damage,3,10,10,2,1,HIGH
street_lights,7,7,1,4,1,MEDIUM
garbage,7,9,3,6,0,MEDIUM
road_damage,7,4,4,1,1,MEDIUM
garbage,3,7,9,6,1,HIGH
garbage,7,10,5,5,1,HIGH
road_damage,6,9,9,8,1,HIGH
garbage,7,8,8,4,1,HIGH
garbage,3,7,5,0,1,MEDIUM
fallen_tree,3,2,7,9,1,MEDIUM
fallen_tree,7,4,1,9,0,MEDIUM
garbage,10,10,9,1,1,HIGH
road_damage,6,10,4,2,1,MEDIUM
road_damage,6,1,10,10,1,MEDIUM
street_lights,9,4,3,7,1,MEDIUM
garbage,3,8,4,5,0,MEDIUM
water_pollution,2,1,4,9,1,LOW
fallen_tree,4,10,8,3,0,MEDIUM
fallen_tree,9,2,10,5,0,MEDIUM
garbage,8,2,1,0,1,MEDIUM
street_lights,8,7,2,6,1,MEDIUM
street_lights,2,10,9,0,1,MEDIUM
fallen_tree,1,5,7,0,1,MEDIUM
fallen_tree,9,8,7,1,0,MEDIUM
garbage,5,10,2,2,1,MEDIUM
fallen_tree,6,3,4,7,0,MEDIUM
water_pollution,2,6,2,7,1,MEDIUM
garbage,5,6,5,7,1,MEDIUM
fallen_tree,5,10,5,9,0,MEDIUM
garbage,3,9,5,0,0,MEDIUM
water_pollution,10,6,5,4,0,MEDIUM
street_lights,5,8,8,10,1,HIGH
garbage,3,3,10,4,1,MEDIUM
water_pollution,4,1,4,9,1,MEDIUM
garbage,10,1,5,5,1,MEDIUM
fallen_tree,10,3,6,10,0,MEDIUM
street_lights,9,6,9,5,1,HIGH
fallen_tree,3,9,8,2,1,MEDIUM
fallen_tree,1,2,6,3,1,MEDIUM
garbage,4,3,5,9,0,MEDIUM
garbage,6,8,8,9,0,MEDIUM
street_lights,4,4,6,10,0,MEDIUM
fallen_tree,2,6,9,1,1,MEDIUM
street_lights,9,9,2,0,1,MEDIUM
street_lights,9,4,4,4,0,MEDIUM
garbage,4,8,3,0,1,MEDIUM
street_lights,5,2,4,1,0,LOW
street_lights,5,1,4,3,0,LOW
street_lights,10,8,8,1,0,HIGH
water_pollution,2,4,8,1,1,MEDIUM
road_damage,8,4,2,8,0,MEDIUM
street_lights,8,5,10,0,1,HIGH
road_damage,8,4,10,10,1,HIGH
road_damage,5,7,10,4,1,HIGH
garbage,6,9,8,8,1,HIGH
water_pollution,5,9,4,5,1,MEDIUM
street_lights,9,5,8,1,0,MEDIUM
fallen_tree,1,6,9,7,1,MEDIUM
garbage,3,2,7,10,1,MEDIUM
road_damage,8,6,9,2,0,MEDIUM
road_damage,4,4,5,8,1,MEDIUM
water_pollution,9,8,2,10,1,HIGH
street_lights,4,10,3,5,0,MEDIUM
garbage,7,3,3,9,0,MEDIUM
water_pollution,9,8,10,6,1,HIGH
garbage,5,8,5,5,0,MEDIUM
water_pollution,6,6,6,7,1,MEDIUM
fallen_tree,10,7,7,0,1,HIGH
road_damage,7,6,3,7,1,MEDIUM
road_damage,4,4,5,4,1,MEDIUM
road_damage,6,7,7,5,0,MEDIUM
garbage,10,9,8,4,0,HIGH
road_damage,4,3,6,7,1,MEDIUM
road_damage,7,8,4,4,1,MEDIUM
road_damage,2,1,6,4,1,MEDIUM
fallen_tree,5,2,8,2,0,MEDIUM
water_pollution,7,3,3,9,1,MEDIUM
street_lights,4,9,2,7,0,MEDIUM
water_pollution,10,9,5,8,1,HIGH
road_damage,3,2,6,5,1,MEDIUM
garbage,3,6,8,3,1,MEDIUM
water_pollution,6,4,5,4,0,MEDIUM
garbage,2,7,7,6,1,MEDIUM
road_damage,9,1,9,5,0,MEDIUM
street_lights,7,1,9,5,1,MEDIUM
water_pollution,10,6,2,1,0,MEDIUM
street_lights,2,9,3,8,0,MEDIUM
street_lights,8,10,4,1,1,HIGH
water_pollution,8,8,3,10,1,HIGH
road_damage,3,10,6,7,1,MEDIUM
road_damage,7,10,5,0,1,HIGH
road_damage,1,4,6,6,0,LOW
water_pollution,4,10,6,8,1,HIGH
garbage,10,6,10,2,0,HIGH
garbage,4,5,3,1,0,LOW
street_lights,10,1,3,8,1,MEDIUM
road_damage,6,6,4,10,0,MEDIUM
garbage,5,3,7,4,0,MEDIUM
garbage,6,1,3,7,0,LOW
fallen_tree,1,8,4,6,0,MEDIUM
fallen_tree,8,7,4,3,1,MEDIUM
street_lights,2,2,3,8,0,LOW
garbage,4,2,8,9,1,MEDIUM
water_pollution,7,4,4,1,1,MEDIUM
fallen_tree,5,9,2,7,0,MEDIUM
road_damage,7,7,7,1,1,HIGH
water_pollution,5,2,7,10,1,MEDIUM
garbage,2,7,8,0,1,MEDIUM
water_pollution,1,3,4,2,0,LOW
garbage,9,3,3,7,0,MEDIUM
road_damage,10,4,5,5,1,HIGH
garbage,7,3,3,8,0,MEDIUM
garbage,6,2,3,0,1,MEDIUM
garbage,5,7,6,4,1,MEDIUM
road_damage,1,6,1,7,0,LOW
garbage,7,1,9,6,0,MEDIUM
garbage,2,1,6,3,0,LOW
fallen_tree,2,2,8,7,1,MEDIUM
street_lights,8,3,10,10,0,MEDIUM
water_pollution,8,8,5,2,1,HIGH
street_lights,6,10,2,7,1,MEDIUM
street_lights,4,3,4,8,0,LOW
garbage,4,2,2,6,1,MEDIUM
street_lights,2,4,4,4,0,LOW
water_pollution,6,8,10,8,1,HIGH
garbage,6,7,6,10,0,MEDIUM
street_lights,1,7,1,3,0,LOW
road_damage,3,1,4,2,1,LOW
water_pollution,1,10,8,7,1,MEDIUM
garbage,10,7,8,3,1,HIGH
street_lights,5,9,8,1,1,HIGH
street_lights,6,6,3,4,1,MEDIUM
fallen_tree,9,8,2,10,1,HIGH
street_lights,5,2,6,6,0,MEDIUM
street_lights,3,2,4,7,0,LOW
road_damage,9,5,3,5,1,MEDIUM
fallen_tree,7,9,2,8,0,MEDIUM
fallen_tree,9,4,3,10,0,MEDIUM
road_damage,4,6,9,9,0,MEDIUM
street_lights,9,9,1,8,1,MEDIUM
street_lights,4,9,3,5,0,MEDIUM
road_damage,3,10,4,2,1,MEDIUM
garbage,5,1,7,4,1,MEDIUM
street_lights,7,8,8,5,0,HIGH
water_pollution,1,2,5,8,1,MEDIUM
garbage,10,10,2,0,1,HIGH
garbage,3,8,3,3,1,MEDIUM
garbage,7,7,10,3,0,HIGH
water_pollution,2,4,5,2,1,MEDIUM
road_damage,10,3,4,7,0,MEDIUM
water_pollution,6,1,2,8,1,MEDIUM
street_lights,2,10,8,3,1,MEDIUM
water_pollution,2,9,10,7,0,MEDIUM
road_damage,6,5,1,6,1,MEDIUM
road_damage,8,7,10,2,1,HIGH
water_pollution,4,9,2,1,1,MEDIUM
garbage,8,7,7,0,0,MEDIUM
water_pollution,5,5,9,5,1,HIGH
water_pollution,6,2,1,1,1,LOW
garbage,10,8,4,9,1,HIGH
water_pollution,2,8,9,9,1,HIGH
street_lights,9,7,1,9,0,MEDIUM
street_lights,2,10,2,1,0,LOW
water_pollution,10,10,7,6,0,HIGH
water_pollution,8,8,10,8,0,HIGH
fallen_tree,7,1,4,9,0,MEDIUM
road_damage,6,2,5,6,0,MEDIUM
fallen_tree,5,6,6,5,0,MEDIUM
water_pollution,8,1,6,7,1,MEDIUM
garbage,4,9,9,10,1,HIGH
fallen_tree,6,3,8,1,1,MEDIUM
water_pollution,10,9,4,5,1,HIGH
road_damage,2,7,6,9,1,MEDIUM
garbage,7,4,5,7,1,MEDIUM
water_pollution,8,6,3,2,1,MEDIUM
road_damage,2,4,10,4,1,MEDIUM
street_lights,9,3,7,9,0,MEDIUM
garbage,2,2,10,10,1,MEDIUM
water_pollution,3,6,9,5,1,MEDIUM
garbage,7,2,5,9,0,MEDIUM
water_pollution,4,8,1,3,0,LOW
water_pollution,1,8,4,3,0,LOW
garbage,8,4,3,0,1,MEDIUM
garbage,1,10,8,7,1,MEDIUM
street_lights,9,10,4,6,0,HIGH
street_lights,10,7,10,6,1,HIGH
water_pollution,5,7,6,5,0,MEDIUM
water_pollution,9,6,2,2,1,MEDIUM
garbage,9,10,3,1,1,HIGH
street_lights,6,2,10,3,1,MEDIUM
street_lights,4,8,5,9,0,MEDIUM
fallen_tree,10,8,8,9,1,HIGH
road_damage,3,1,9,7,0,MEDIUM
water_pollution,8,3,2,10,1,MEDIUM
road_damage,5,10,5,0,1,MEDIUM
fallen_tree,3,7,4,10,1,MEDIUM
water_pollution,9,5,6,3,1,HIGH
garbage,9,10,6,0,0,MEDIUM
water_pollution,10,2,2,9,0,MEDIUM
street_lights,7,3,4,3,0,MEDIUM
garbage,1,8,2,5,0,LOW
road_damage,7,10,7,6,1,HIGH
fallen_tree,3,6,3,1,1,MEDIUM
water_pollution,3,7,5,7,0,MEDIUM
garbage,5,7,4,3,1,MEDIUM
road_damage,6,8,2,8,1,MEDIUM
road_damage,10,1,9,0,1,MEDIUM
road_damage,3,1,9,0,0,LOW
water_pollution,7,5,1,9,1,MEDIUM
road_damage,3,4,10,7,0,MEDIUM
street_lights,4,6,2,10,0,MEDIUM
street_lights,6,10,3,7,0,MEDIUM
street_lights,3,8,1,9,0,LOW
street_lights,2,5,5,1,1,MEDIUM
garbage,10,9,3,1,1,HIGH
garbage,10,3,10,5,1,HIGH
street_lights,7,8,2,10,0,MEDIUM
water_pollution,4,6,3,3,1,MEDIUM
garbage,7,1,6,0,1,MEDIUM
street_lights,2,9,2,10,1,MEDIUM
street_lights,10,10,9,8,1,HIGH
street_lights,4,5,6,2,1,MEDIUM
garbage,5,7,7,6,1,HIGH
road_damage,8,1,8,1,1,MEDIUM
street_lights,8,10,7,4,1,HIGH
water_pollution,1,9,1,3,0,LOW
water_pollution,10,10,9,2,1,HIGH
road_damage,9,1,1,4,1,MEDIUM
garbage,6,9,1,10,1,MEDIUM
street_lights,9,3,9,5,0,MEDIUM
garbage,2,8,3,3,1,MEDIUM
road_damage,4,8,4,9,0,MEDIUM
road_damage,7,4,2,4,0,MEDIUM
garbage,6,3,7,3,1,MEDIUM
fallen_tree,1,3,3,9,0,LOW
street_lights,5,7,10,10,1,HIGH
garbage,5,7,1,6,1,MEDIUM
fallen_tree,5,4,8,4,0,MEDIUM
fallen_tree,1,8,3,10,0,LOW
road_damage,2,2,3,7,0,LOW
garbage,9,6,3,4,1,MEDIUM
water_pollution,9,5,5,9,1,HIGH
road_damage,2,7,4,1,1,MEDIUM
garbage,3,9,1,7,1,MEDIUM
road_damage,2,4,1,6,0,LOW
road_damage,2,4,7,9,1,MEDIUM
fallen_tree,3,8,10,0,0,MEDIUM
garbage,6,1,10,0,0,MEDIUM
water_pollution,5,3,6,7,0,MEDIUM
road_damage,7,7,3,4,0,MEDIUM
garbage,3,4,6,10,1,MEDIUM
road_damage,8,2,4,9,1,MEDIUM
street_lights,3,3,9,5,0,MEDIUM
road_damage,2,7,9,8,0,MEDIUM
street_lights,3,6,6,0,0,MEDIUM
road_damage,4,1,7,0,0,LOW
fallen_tree,10,2,4,10,0,MEDIUM
street_lights,9,2,1,10,1,MEDIUM
street_lights,7,5,10,6,1,HIGH
garbage,8,10,5,5,1,HIGH
fallen_tree,3,8,9,5,0,MEDIUM
garbage,5,3,7,4,0,MEDIUM
water_pollution,1,7,5,2,0,LOW
fallen_tree,7,9,4,6,0,MEDIUM
water_pollution,4,7,7,6,1,MEDIUM
fallen_tree,8,7,8,5,1,HIGH
water_pollution,7,3,9,3,0,MEDIUM
garbage,4,10,4,10,1,MEDIUM
fallen_tree,9,7,6,10,1,HIGH
garbage,7,3,8,1,1,MEDIUM
water_pollution,10,7,1,3,0,MEDIUM
water_pollution,9,3,7,8,1,HIGH
garbage,8,1,4,6,0,MEDIUM
water_pollution,10,3,7,9,0,MEDIUM
garbage,7,6,8,3,0,MEDIUM
fallen_tree,6,10,10,8,0,HIGH
road_damage,2,2,1,0,0,LOW
water_pollution,2,6,6,3,0,MEDIUM
garbage,5,2,6,9,1,MEDIUM
street_lights,8,8,6,2,1,HIGH
water_pollution,2,9,3,2,0,MEDIUM
fallen_tree,2,9,10,6,0,MEDIUM
street_lights,9,8,5,3,0,MEDIUM
garbage,8,2,1,2,1,MEDIUM
fallen_tree,7,8,3,0,1,MEDIUM
fallen_tree,10,10,3,7,0,HIGH
fallen_tree,10,6,6,1,1,HIGH
road_damage,3,3,10,4,1,MEDIUM
garbage,2,4,6,4,0,MEDIUM
water_pollution,10,8,1,9,1,HIGH
garbage,6,5,4,8,1,MEDIUM
street_lights,1,8,6,2,0,MEDIUM
garbage,5,5,8,6,1,MEDIUM
road_damage,5,8,2,5,0,MEDIUM
garbage,10,1,10,0,1,HIGH
fallen_tree,4,8,7,6,0,MEDIUM
water_pollution,7,6,6,8,1,HIGH
fallen_tree,6,3,6,4,0,MEDIUM
fallen_tree,5,5,2,7,0,MEDIUM
water_pollution,9,2,1,2,0,LOW
garbage,2,3,6,1,0,LOW
street_lights,4,2,2,0,0,LOW
water_pollution,10,2,3,9,1,MEDIUM
water_pollution,2,10,2,0,0,LOW
garbage,2,3,2,1,0,LOW
fallen_tree,4,4,1,1,1,LOW
water_pollution,9,4,8,3,1,HIGH
street_lights,3,8,5,10,0,MEDIUM
fallen_tree,3,9,1,1,0,LOW
garbage,5,3,9,9,0,MEDIUM
road_damage,2,4,3,5,0,LOW
garbage,7,10,5,9,1,HIGH
street_lights,5,4,7,4,1,MEDIUM
garbage,9,1,5,4,0,MEDIUM
road_damage,1,2,8,5,0,LOW
street_lights,7,2,8,0,0,MEDIUM
water_pollution,10,6,10,10,0,HIGH
street_lights,5,6,8,5,1,HIGH
water_pollution,8,5,8,5,0,MEDIUM
garbage,10,3,1,5,1,MEDIUM
fallen_tree,8,6,7,7,1,HIGH
fallen_tree,3,3,7,6,0,MEDIUM
garbage,6,7,3,6,1,MEDIUM
road_damage,7,3,3,9,0,MEDIUM
garbage,2,1,7,7,0,LOW
water_pollution,6,4,1,7,1,MEDIUM
garbage,5,9,5,3,0,MEDIUM
fallen_tree,10,8,7,6,0,HIGH
fallen_tree,1,6,2,1,1,LOW
fallen_tree,10,5,3,3,1,MEDIUM
garbage,7,8,1,4,0,MEDIUM
water_pollution,5,10,7,9,0,MEDIUM
street_lights,3,9,5,5,1,MEDIUM
garbage,6,10,8,1,0,MEDIUM
fallen_tree,6,7,4,3,1,MEDIUM
garbage,6,8,5,8,1,HIGH
street_lights,6,4,3,5,0,MEDIUM
street_lights,10,4,4,7,1,MEDIUM
road_damage,6,9,2,6,0,MEDIUM
street_lights,6,2,9,7,1,MEDIUM
street_lights,5,2,8,6,0,MEDIUM
water_pollution,3,6,1,7,0,LOW
garbage,1,6,6,9,1,MEDIUM
street_lights,3,5,6,7,1,MEDIUM
street_lights,9,4,4,9,0,MEDIUM
water_pollution,1,4,9,8,1,MEDIUM
garbage,7,7,1,4,1,MEDIUM
garbage,3,5,1,0,1,LOW
road_damage,6,8,3,7,1,MEDIUM
street_lights,3,10,8,5,0,MEDIUM
water_pollution,8,5,4,9,1,MEDIUM
water_pollution,3,10,3,5,0,MEDIUM
road_damage,1,6,9,7,1,MEDIUM
garbage,6,7,9,0,1,HIGH
water_pollution,7,3,6,9,0,MEDIUM
water_pollution,6,10,10,0,0,HIGH
garbage,8,2,2,2,0,LOW
road_damage,9,3,4,1,1,MEDIUM
water_pollution,6,2,7,5,0,MEDIUM
fallen_tree,7,9,1,8,1,MEDIUM
fallen_tree,3,9,2,3,1,MEDIUM
garbage,2,5,4,3,0,LOW
street_lights,1,1,4,7,0,LOW
road_damage,4,4,3,2,1,MEDIUM
water_pollution,7,7,1,8,1,MEDIUM
fallen_tree,1,7,9,1,0,MEDIUM
garbage,10,1,4,3,1,MEDIUM
road_damage,6,2,10,5,0,MEDIUM
fallen_tree,4,3,9,0,1,MEDIUM
water_pollution,9,6,9,6,0,HIGH
garbage,10,5,6,3,1,HIGH
water_pollution,7,2,5,7,0,MEDIUM
fallen_tree,10,9,7,3,0,HIGH
road_damage,1,7,2,3,0,LOW
street_lights,5,4,10,4,1,HIGH
fallen_tree,1,4,10,4,0,MEDIUM
street_lights,1,5,1,3,0,LOW
water_pollution,4,8,7,5,1,HIGH
fallen_tree,10,3,8,7,1,HIGH
garbage,2,10,2,0,0,LOW
street_lights,1,1,5,0,1,LOW
fallen_tree,7,10,3,1,0,MEDIUM
water_pollution,4,4,7,5,0,MEDIUM
water_pollution,7,1,5,0,0,LOW
water_pollution,3,5,8,3,0,MEDIUM
road_damage,8,3,1,1,0,LOW
garbage,8,10,9,4,1,HIGH
road_damage,10,8,2,2,0,MEDIUM
road_damage,7,7,1,0,1,MEDIUM
fallen_tree,8,7,3,0,0,MEDIUM
road_damage,5,5,8,3,1,MEDIUM
road_damage,5,4,4,7,0,MEDIUM
road_damage,10,7,9,7,0,HIGH
road_damage,5,6,2,9,1,MEDIUM
fallen_tree,8,9,3,5,1,HIGH
street_lights,9,3,6,10,1,HIGH
fallen_tree,3,10,7,5,1,HIGH
water_pollution,5,3,8,10,1,MEDIUM
water_pollution,7,2,10,4,0,MEDIUM
water_pollution,6,8,8,8,0,MEDIUM
road_damage,6,9,3,9,1,MEDIUM
street_lights,3,10,3,3,1,MEDIUM
road_damage,7,2,9,8,0,MEDIUM
street_lights,2,10,1,4,0,MEDIUM
garbage,6,8,2,5,1,MEDIUM
street_lights,7,9,7,3,1,HIGH
fallen_tree,2,4,8,2,0,MEDIUM
road_damage,9,2,8,2,0,MEDIUM
water_pollution,4,7,5,3,0,MEDIUM
garbage,1,1,1,4,0,LOW
garbage,3,2,2,4,1,LOW
road_damage,7,6,7,0,1,MEDIUM
water_pollution,7,6,4,4,1,MEDIUM
street_lights,10,8,10,9,0,HIGH
fallen_tree,1,8,6,5,0,MEDIUM
water_pollution,8,7,9,1,1,HIGH
street_lights,10,6,8,0,1,HIGH
road_damage,8,2,8,4,0,MEDIUM
road_damage,4,2,8,6,1,MEDIUM
garbage,10,8,1,5,1,HIGH
street_lights,8,4,10,6,0,HIGH
road_damage,3,10,1,8,1,MEDIUM
road_damage,9,3,8,4,1,HIGH
street_lights,1,5,10,1,1,MEDIUM
garbage,8,5,3,0,1,MEDIUM
street_lights,6,7,2,10,0,MEDIUM
road_damage,4,8,8,3,0,MEDIUM
fallen_tree,3,7,1,4,0,LOW
garbage,6,10,8,3,1,HIGH
road_damage,2,3,3,2,0,LOW
fallen_tree,8,6,7,0,1,HIGH
street_lights,2,7,8,0,1,MEDIUM
fallen_tree,9,7,2,1,0,MEDIUM
water_pollution,6,8,7,8,0,MEDIUM
garbage,2,1,3,1,0,LOW
garbage,8,9,6,8,1,HIGH
fallen_tree,2,3,10,6,0,MEDIUM
street_lights,1,4,4,2,1,LOW
garbage,7,1,6,0,0,MEDIUM
road_damage,9,5,10,8,0,HIGH
water_pollution,3,6,4,7,0,MEDIUM
garbage,8,8,8,3,0,HIGH
garbage,7,9,9,1,0,HIGH
garbage,9,3,2,7,0,MEDIUM
street_lights,3,4,7,10,1,MEDIUM
garbage,5,7,1,6,0,MEDIUM
water_pollution,7,1,4,10,1,MEDIUM
fallen_tree,8,10,4,2,1,HIGH
street_lights,9,7,3,3,1,MEDIUM
fallen_tree,2,7,10,0,1,MEDIUM
road_damage,9,2,3,10,0,MEDIUM
water_pollution,5,7,5,7,1,MEDIUM
water_pollution,9,10,6,4,1,HIGH
street_lights,8,7,10,8,0,HIGH
fallen_tree,6,2,8,5,0,MEDIUM
water_pollution,5,5,5,9,0,MEDIUM
water_pollution,6,4,10,3,1,HIGH
water_pollution,4,6,9,10,1,HIGH
water_pollution,5,10,7,10,0,MEDIUM
street_lights,3,5,4,10,1,MEDIUM
street_lights,9,6,4,7,0,MEDIUM
road_damage,5,4,4,9,1,MEDIUM
garbage,8,6,4,6,1,MEDIUM
water_pollution,10,8,9,5,0,HIGH
water_pollution,10,2,5,1,1,MEDIUM
street_lights,7,1,2,3,1,MEDIUM
fallen_tree,8,9,10,4,1,HIGH
garbage,5,1,7,10,1,MEDIUM
street_lights,2,8,7,6,1,MEDIUM
road_damage,3,3,2,5,0,LOW
road_damage,2,5,2,8,1,MEDIUM
garbage,2,7,4,0,0,LOW
road_damage,2,6,10,4,1,MEDIUM
fallen_tree,4,4,4,9,1,MEDIUM
street_lights,6,4,3,0,1,MEDIUM
garbage,3,7,4,8,0,MEDIUM
garbage,2,10,10,4,1,HIGH
road_damage,2,4,7,3,0,MEDIUM
fallen_tree,10,3,3,3,1,MEDIUM
road_damage,1,4,5,6,1,MEDIUM
fallen_tree,4,4,2,1,1,LOW
fallen_tree,8,3,7,9,1,HIGH
road_damage,9,5,4,10,1,MEDIUM
fallen_tree,9,6,6,0,1,MEDIUM
street_lights,10,7,8,9,0,HIGH
water_pollution,3,2,10,10,1,MEDIUM
garbage,7,4,4,5,1,MEDIUM
fallen_tree,5,4,5,3,1,MEDIUM
street_lights,8,1,10,3,0,MEDIUM
fallen_tree,1,7,10,5,1,MEDIUM
fallen_tree,1,8,7,7,1,MEDIUM
road_damage,7,5,6,3,1,MEDIUM
water_pollution,5,8,3,2,0,MEDIUM
street_lights,9,10,9,3,0,HIGH
fallen_tree,6,1,4,1,0,LOW
road_damage,10,9,1,4,0,MEDIUM
street_lights,5,8,3,4,0,MEDIUM
fallen_tree,5,3,4,6,1,MEDIUM
garbage,9,2,4,1,0,MEDIUM
street_lights,3,5,9,7,1,MEDIUM
garbage,4,1,4,9,0,LOW
road_damage,2,5,3,8,0,LOW
fallen_tree,9,6,3,2,0,MEDIUM
garbage,1,6,3,4,0,LOW
street_lights,9,1,7,2,0,MEDIUM
road_damage,8,3,3,3,1,MEDIUM
street_lights,5,8,4,7,0,MEDIUM
road_damage,4,3,10,0,0,MEDIUM
fallen_tree,3,1,5,7,1,MEDIUM
fallen_tree,9,9,7,8,1,HIGH
street_lights,6,10,10,6,1,HIGH
street_lights,7,3,9,7,0,MEDIUM
road_damage,4,2,10,5,1,MEDIUM
road_damage,10,7,7,6,1,HIGH
water_pollution,1,6,8,3,0,MEDIUM
garbage,7,3,8,9,0,MEDIUM
water_pollution,7,4,3,0,0,MEDIUM
fallen_tree,5,8,7,7,1,HIGH
water_pollution,4,8,3,6,0,MEDIUM
garbage,3,2,5,5,0,LOW
water_pollution,8,7,7,1,1,HIGH
water_pollution,9,9,8,0,1,HIGH
road_damage,6,6,4,4,0,MEDIUM
road_damage,2,3,9,4,0,MEDIUM
road_damage,9,4,9,5,0,HIGH
fallen_tree,7,6,10,7,1,HIGH
street_lights,6,5,6,0,0,MEDIUM
fallen_tree,8,7,9,0,0,MEDIUM
garbage,7,6,8,10,1,HIGH
garbage,3,4,2,9,1,MEDIUM
water_pollution,7,4,1,0,1,MEDIUM
road_damage,3,4,7,9,0,MEDIUM
fallen_tree,3,7,9,9,1,HIGH
garbage,1,2,3,0,1,LOW
fallen_tree,2,4,8,2,1,MEDIUM
road_damage,2,8,6,9,1,MEDIUM
fallen_tree,5,10,9,8,1,HIGH
water_pollution,9,3,10,8,1,HIGH
street_lights,4,4,1,6,1,MEDIUM
water_pollution,6,9,5,7,1,HIGH
road_damage,10,5,5,1,0,MEDIUM
street_lights,4,4,4,7,0,MEDIUM
road_damage,9,9,6,6,1,HIGH
fallen_tree,10,6,5,1,0,MEDIUM
garbage,10,8,2,5,0,MEDIUM
fallen_tree,7,7,3,6,1,MEDIUM
road_damage,6,6,2,4,0,MEDIUM
fallen_tree,8,7,10,3,1,HIGH
fallen_tree,4,5,4,9,0,MEDIUM
water_pollution,3,10,6,9,1,MEDIUM
road_damage,2,2,2,0,0,LOW
street_lights,7,8,2,10,0,MEDIUM
road_damage,1,8,3,0,0,LOW
water_pollution,6,6,10,1,0,MEDIUM
garbage,5,6,2,0,0,LOW
road_damage,10,1,4,2,1,MEDIUM
fallen_tree,2,5,10,4,0,MEDIUM
street_lights,5,3,2,7,1,MEDIUM
garbage,9,2,8,9,0,MEDIUM
water_pollution,1,7,6,10,0,MEDIUM
fallen_tree,8,6,9,4,1,HIGH
fallen_tree,7,4,5,10,1,MEDIUM
garbage,4,8,3,2,0,MEDIUM
road_damage,1,10,2,2,0,LOW
fallen_tree,3,3,2,4,1,LOW
water_pollution,10,4,8,6,1,HIGH
road_damage,9,10,5,3,1,HIGH
road_damage,6,3,7,3,1,MEDIUM
road_damage,1,1,5,6,0,LOW
fallen_tree,8,7,6,7,0,MEDIUM
water_pollution,7,6,10,2,0,MEDIUM
garbage,5,7,2,7,1,MEDIUM
garbage,1,3,4,8,1,MEDIUM
water_pollution,4,3,7,0,0,MEDIUM
water_pollution,6,10,6,5,0,MEDIUM
road_damage,8,9,4,3,0,MEDIUM
water_pollution,9,5,9,6,0,HIGH
fallen_tree,1,8,10,8,1,HIGH
street_lights,8,1,5,5,0,MEDIUM
fallen_tree,10,2,8,6,1,HIGH
street_lights,10,4,6,9,0,MEDIUM
fallen_tree,5,5,1,3,1,MEDIUM
fallen_tree,5,1,9,3,0,MEDIUM
garbage,8,4,7,0,1,MEDIUM
road_damage,2,5,9,8,1,MEDIUM
road_damage,9,5,10,10,0,HIGH
fallen_tree,10,4,9,10,1,HIGH
road_damage,4,7,9,5,0,MEDIUM
street_lights,4,1,7,1,1,MEDIUM
garbage,8,1,2,2,1,MEDIUM
garbage,5,5,7,2,1,MEDIUM
garbage,3,6,2,4,1,MEDIUM
street_lights,9,2,2,2,0,MEDIUM
road_damage,4,2,5,2,0,LOW
fallen_tree,6,2,9,8,1,MEDIUM
street_lights,2,8,10,4,0,MEDIUM
water_pollution,2,6,3,6,0,LOW
street_lights,5,1,10,1,0,MEDIUM
garbage,3,6,3,8,0,MEDIUM
fallen_tree,6,1,6,6,1,MEDIUM
road_damage,9,7,4,2,0,MEDIUM
street_lights,8,10,2,3,1,MEDIUM
street_lights,8,7,6,10,1,HIGH
garbage,1,1,8,3,0,LOW
street_lights,6,1,6,10,1,MEDIUM
fallen_tree,1,6,8,1,0,MEDIUM
road_damage,10,9,9,1,0,HIGH
fallen_tree,8,9,9,5,0,HIGH
street_lights,1,6,4,4,1,MEDIUM
water_pollution,1,2,1,4,0,LOW
water_pollution,7,3,5,5,1,MEDIUM
road_damage,9,6,2,7,1,MEDIUM
water_pollution,7,1,1,4,1,MEDIUM
garbage,2,3,9,9,0,MEDIUM
water_pollution,2,2,5,5,1,MEDIUM
road_damage,3,10,4,9,0,MEDIUM
garbage,1,5,5,8,0,LOW
street_lights,10,9,5,8,1,HIGH
road_damage,7,1,5,6,0,MEDIUM
water_pollution,5,1,3,1,0,LOW
street_lights,1,2,8,0,1,MEDIUM
water_pollution,7,9,2,4,0,MEDIUM
street_lights,9,4,2,5,0,MEDIUM
garbage,10,2,1,7,0,MEDIUM
garbage,3,9,4,6,0,MEDIUM
street_lights,5,10,4,7,0,MEDIUM
road_damage,7,4,10,10,1,HIGH
garbage,9,5,6,2,1,HIGH
street_lights,7,10,5,4,0,MEDIUM
street_lights,2,7,5,10,1,MEDIUM
road_damage,2,7,10,3,1,MEDIUM
garbage,10,3,10,1,0,MEDIUM
garbage,1,4,4,0,0,LOW
fallen_tree,3,4,5,1,0,LOW
garbage,2,1,7,1,1,MEDIUM
garbage,8,3,3,10,0,MEDIUM
water_pollution,6,7,7,10,1,HIGH
fallen_tree,4,3,4,6,1,MEDIUM
garbage,4,8,8,4,1,HIGH
road_damage,5,1,7,7,0,MEDIUM
road_damage,1,8,9,4,0,MEDIUM
fallen_tree,2,5,3,4,1,MEDIUM
garbage,7,1,8,8,0,MEDIUM
street_lights,8,6,5,10,0,MEDIUM
fallen_tree,4,5,8,6,1,MEDIUM
garbage,8,4,8,2,0,MEDIUM
garbage,8,7,4,8,0,MEDIUM
road_damage,5,6,9,4,0,MEDIUM
water_pollution,9,5,7,0,0,MEDIUM
street_lights,2,4,5,4,0,LOW
street_lights,10,10,9,2,1,HIGH
street_lights,1,3,1,5,1,LOW
street_lights,6,1,8,3,0,MEDIUM
road_damage,5,7,5,4,0,MEDIUM
fallen_tree,10,10,10,5,0,HIGH
fallen_tree,8,10,4,3,1,HIGH
road_damage,6,6,8,3,1,HIGH
fallen_tree,4,7,9,0,0,MEDIUM
road_damage,10,3,4,6,0,MEDIUM
garbage,8,7,9,1,0,HIGH
street_lights,8,3,4,3,0,MEDIUM
water_pollution,2,1,5,0,1,LOW
road_damage,5,10,8,3,0,MEDIUM
water_pollution,4,10,2,1,1,MEDIUM
street_lights,9,4,1,7,1,MEDIUM
street_lights,3,1,8,3,1,MEDIUM
water_pollution,2,2,9,9,0,MEDIUM
street_lights,5,1,7,5,1,MEDIUM
fallen_tree,9,3,1,1,0,LOW
water_pollution,4,3,3,3,0,LOW
garbage,4,4,4,2,1,MEDIUM
fallen_tree,1,8,4,9,0,MEDIUM
road_damage,2,4,6,10,1,MEDIUM
fallen_tree,3,2,3,7,1,MEDIUM
road_damage,3,6,1,8,0,LOW
fallen_tree,2,2,3,3,0,LOW
garbage,7,2,7,3,0,MEDIUM
water_pollution,9,9,9,9,1,HIGH
fallen_tree,3,10,9,10,0,MEDIUM
fallen_tree,7,3,10,7,1,HIGH
water_pollution,5,10,4,0,0,MEDIUM
fallen_tree,5,7,9,7,0,MEDIUM
street_lights,2,3,1,3,0,LOW
street_lights,8,7,10,2,0,HIGH
street_lights,3,9,4,2,0,MEDIUM
road_damage,9,10,9,1,0,HIGH
street_lights,9,2,6,8,0,MEDIUM
water_pollution,5,6,9,2,0,MEDIUM
road_damage,7,8,4,2,0,MEDIUM
road_damage,9,3,10,7,0,HIGH
fallen_tree,9,2,6,7,0,MEDIUM
water_pollution,6,1,1,0,0,LOW
road_damage,1,2,6,2,0,LOW
road_damage,4,8,2,7,1,MEDIUM
road_damage,10,1,3,5,1,MEDIUM
fallen_tree,2,9,5,4,1,MEDIUM
garbage,2,9,3,9,1,MEDIUM
water_pollution,8,9,2,2,0,MEDIUM
water_pollution,9,10,1,5,1,HIGH
fallen_tree,1,9,7,7,0,MEDIUM
road_damage,10,1,1,10,1,MEDIUM
garbage,7,6,6,1,1,MEDIUM
street_lights,5,9,3,6,1,MEDIUM
street_lights,2,4,7,2,1,MEDIUM
street_lights,4,6,6,10,0,MEDIUM
water_pollution,5,3,10,6,0,MEDIUM
street_lights,1,8,1,6,0,LOW
garbage,7,10,10,8,1,HIGH
street_lights,6,1,10,10,0,MEDIUM
garbage,2,1,5,0,0,LOW
fallen_tree,5,9,2,8,0,MEDIUM
water_pollution,5,3,9,7,1,MEDIUM
garbage,9,4,7,3,0,MEDIUM
fallen_tree,5,4,3,10,0,MEDIUM
garbage,7,10,5,2,1,HIGH
fallen_tree,5,3,1,3,1,MEDIUM
garbage,6,9,7,3,0,MEDIUM
water_pollution,5,2,8,0,1,MEDIUM
water_pollution,7,3,6,5,1,MEDIUM
road_damage,3,7,4,10,1,MEDIUM
water_pollution,9,3,5,3,0,MEDIUM
road_damage,8,7,5,6,1,HIGH
water_pollution,9,10,9,8,0,HIGH
garbage,2,6,4,8,0,MEDIUM
water_pollution,6,3,8,9,0,MEDIUM
water_pollution,1,5,1,4,0,LOW
garbage,4,4,6,3,1,MEDIUM
street_lights,6,2,7,3,0,MEDIUM
road_damage,2,2,10,7,1,MEDIUM
road_damage,9,1,10,3,0,MEDIUM
street_lights,2,4,8,3,0,MEDIUM
fallen_tree,6,4,1,6,0,LOW
road_damage,2,10,9,7,1,HIGH
fallen_tree,2,8,9,6,0,MEDIUM
road_damage,3,4,1,0,0,LOW
water_pollution,7,2,9,2,0,MEDIUM
garbage,7,6,8,10,1,HIGH
